prdy_vrss,prdy_vrss_sign,prdy_ctrt,stck_prdy_clpr,acml_vol,acml_tr_pbmn,hts_kor_isnm,stck_prpr,stck_bsop_date,stck_cntg_hour,stck_prpr,stck_oprc,stck_hgpr,stck_lwpr,cntg_vol,acml_tr_pbmn
60,2,0.77,7840,66656,521993940,현대에이치티,7900,20230412,090000,7820,7820,7820,7820,191,1493620
60,2,0.77,7840,66656,521993940,현대에이치티,7900,20230412,090100,7820,7820,7820,7820,100,2275620
60,2,0.77,7840,66656,521993940,현대에이치티,7900,20230412,090200,7820,7820,7820,7820,61,2752640
60,2,0.77,7840,66656,521993940,현대에이치티,7900,20230412,090300,7820,7820,7820,7820,100,3534640
60,2,0.77,7840,66656,521993940,현대에이치티,7900,20230412,090400,7820,7820,7820,7820,5,3573740
60,2,0.77,7840,66656,521993940,현대에이치티,7900,20230412,090500,7820,7820,7820,7820,0,3573740
60,2,0.77,7840,66656,521993940,현대에이치티,7900,20230412,090600,7820,7820,7820,7820,0,3573740
60,2,0.77,7840,66656,521993940,현대에이치티,7900,20230412,090700,7800,7810,7810,7800,252,5541340
60,2,0.77,7840,66656,521993940,현대에이치티,7900,20230412,090800,7790,7790,7790,7790,111,6406030
60,2,0.77,7840,66656,521993940,현대에이치티,7900,20230412,090900,7800,7800,7800,7800,5,6445030
60,2,0.77,7840,66656,521993940,현대에이치티,7900,20230412,091000,7800,7800,7800,7800,0,6445030
60,2,0.77,7840,66656,521993940,현대에이치티,7900,20230412,091100,7800,7800,7800,7800,0,6445030
60,2,0.77,7840,66656,521993940,현대에이치티,7900,20230412,091200,7780,7780,7780,7780,30,6678430
60,2,0.77,7840,66656,521993940,현대에이치티,7900,20230412,091300,7810,7800,7810,7780,1082,15107750
60,2,0.77,7840,66656,521993940,현대에이치티,7900,20230412,091400,7800,7800,7800,7800,7,15162350
60,2,0.77,7840,66656,521993940,현대에이치티,7900,20230412,091500,7800,7800,7800,7800,0,15162350
60,2,0.77,7840,66656,521993940,현대에이치티,7900,20230412,091600,7780,7800,7800,7780,767,21130370
60,2,0.77,7840,66656,521993940,현대에이치티,7900,20230412,091700,7780,7780,7780,7780,0,21130370
60,2,0.77,7840,66656,521993940,현대에이치티,7900,20230412,091800,7770,7770,7770,7770,113,22008380
60,2,0.77,7840,66656,521993940,현대에이치티,7900,20230412,091900,7770,7770,7770,7770,11,22093850
60,2,0.77,7840,66656,521993940,현대에이치티,7900,20230412,092000,7740,7760,7760,7740,330,24648510
60,2,0.77,7840,66656,521993940,현대에이치티,7900,20230412,092100,7730,7740,7740,7730,1292,34637980
60,2,0.77,7840,66656,521993940,현대에이치티,7900,20230412,092200,7680,7730,7760,7680,3764,63617180
60,2,0.77,7840,66656,521993940,현대에이치티,7900,20230412,092300,7760,7760,7760,7760,121,64556140
60,2,0.77,7840,66656,521993940,현대에이치티,7900,20230412,092400,7760,7760,7780,7760,538,68732220
60,2,0.77,7840,66656,521993940,현대에이치티,7900,20230412,092500,7700,7700,7700,7700,150,69887220
60,2,0.77,7840,66656,521993940,현대에이치티,7900,20230412,092600,7710,7710,7710,7700,133,70911900
60,2,0.77,7840,66656,521993940,현대에이치티,7900,20230412,092700,7750,7750,7750,7750,41,71229650
60,2,0.77,7840,66656,521993940,현대에이치티,7900,20230412,092800,7750,7750,7750,7750,50,71617150
60,2,0.77,7840,66656,521993940,현대에이치티,7900,20230412,092900,7740,7740,7740,7740,1,71624890
60,2,0.77,7840,66656,521993940,현대에이치티,7900,20230412,093000,7740,7740,7740,7740,0,71624890
60,2,0.77,7840,66656,521993940,현대에이치티,7900,20230412,093100,7740,7740,7740,7740,0,71624890
60,2,0.77,7840,66656,521993940,현대에이치티,7900,20230412,093200,7770,7740,7780,7740,642,76602090
60,2,0.77,7840,66656,521993940,현대에이치티,7900,20230412,093300,7770,7770,7770,7770,0,76602090
60,2,0.77,7840,66656,521993940,현대에이치티,7900,20230412,093400,7770,7770,7770,7770,0,76602090
60,2,0.77,7840,66656,521993940,현대에이치티,7900,20230412,093500,7760,7770,7770,7760,67,77122660
60,2,0.77,7840,66656,521993940,현대에이치티,7900,20230412,093600,7720,7750,7750,7720,234,78931120
60,2,0.77,7840,66656,521993940,현대에이치티,7900,20230412,093700,7720,7720,7720,7720,0,78931120
60,2,0.77,7840,66656,521993940,현대에이치티,7900,20230412,093800,7740,7740,7740,7740,420,82181920
60,2,0.77,7840,66656,521993940,현대에이치티,7900,20230412,093900,7760,7760,7760,7760,10,82259520
60,2,0.77,7840,66656,521993940,현대에이치티,7900,20230412,094000,7760,7760,7760,7760,90,82957920
60,2,0.77,7840,66656,521993940,현대에이치티,7900,20230412,094100,7770,7750,7770,7750,8,83019980
60,2,0.77,7840,66656,521993940,현대에이치티,7900,20230412,094200,7780,7780,7780,7780,144,84140300
60,2,0.77,7840,66656,521993940,현대에이치티,7900,20230412,094300,7780,7770,7790,7770,82,84778710
60,2,0.77,7840,66656,521993940,현대에이치티,7900,20230412,094400,7780,7780,7790,7780,122,85728890
60,2,0.77,7840,66656,521993940,현대에이치티,7900,20230412,094500,7780,7780,7780,7780,41,86047870
60,2,0.77,7840,66656,521993940,현대에이치티,7900,20230412,094600,7780,7780,7780,7780,6,86094550
60,2,0.77,7840,66656,521993940,현대에이치티,7900,20230412,094700,7780,7800,7800,7780,53,86507890
60,2,0.77,7840,66656,521993940,현대에이치티,7900,20230412,094800,7780,7780,7780,7780,0,86507890
60,2,0.77,7840,66656,521993940,현대에이치티,7900,20230412,094900,7800,7800,7800,7800,1,86515690
60,2,0.77,7840,66656,521993940,현대에이치티,7900,20230412,095000,7840,7800,7840,7800,393,89583000
60,2,0.77,7840,66656,521993940,현대에이치티,7900,20230412,095100,7820,7820,7860,7820,724,95255040
60,2,0.77,7840,66656,521993940,현대에이치티,7900,20230412,095200,7820,7810,7820,7810,39,95559970
60,2,0.77,7840,66656,521993940,현대에이치티,7900,20230412,095300,7820,7820,7820,7820,3,95583430
60,2,0.77,7840,66656,521993940,현대에이치티,7900,20230412,095400,7870,7820,7870,7820,102,96384230
60,2,0.77,7840,66656,521993940,현대에이치티,7900,20230412,095500,7850,7870,7870,7850,81,97020100
60,2,0.77,7840,66656,521993940,현대에이치티,7900,20230412,095600,7810,7820,7830,7810,181,98435430
60,2,0.77,7840,66656,521993940,현대에이치티,7900,20230412,095700,7830,7800,7830,7800,57,98881530
60,2,0.77,7840,66656,521993940,현대에이치티,7900,20230412,095800,7830,7830,7830,7830,0,98881530
60,2,0.77,7840,66656,521993940,현대에이치티,7900,20230412,095900,7810,7830,7830,7810,70,99429610
60,2,0.77,7840,66656,521993940,현대에이치티,7900,20230412,100000,7800,7810,7830,7800,387,102458120
60,2,0.77,7840,66656,521993940,현대에이치티,7900,20230412,100100,7820,7820,7820,7820,20,102614520
60,2,0.77,7840,66656,521993940,현대에이치티,7900,20230412,100200,7820,7820,7820,7820,100,103396520
60,2,0.77,7840,66656,521993940,현대에이치티,7900,20230412,100300,7820,7820,7820,7820,100,104178520
60,2,0.77,7840,66656,521993940,현대에이치티,7900,20230412,100400,7850,7850,7850,7850,31,104421870
60,2,0.77,7840,66656,521993940,현대에이치티,7900,20230412,100500,7850,7850,7850,7850,0,104421870
60,2,0.77,7840,66656,521993940,현대에이치티,7900,20230412,100600,7810,7810,7810,7810,114,105312210
60,2,0.77,7840,66656,521993940,현대에이치티,7900,20230412,100700,7830,7840,7840,7830,3,105335710
60,2,0.77,7840,66656,521993940,현대에이치티,7900,20230412,100800,7820,7840,7840,7820,7,105390490
60,2,0.77,7840,66656,521993940,현대에이치티,7900,20230412,100900,7810,7820,7820,7810,469,109055010
60,2,0.77,7840,66656,521993940,현대에이치티,7900,20230412,101000,7830,7810,7830,7810,1001,116872840
60,2,0.77,7840,66656,521993940,현대에이치티,7900,20230412,101100,7830,7830,7830,7830,10,116951140
60,2,0.77,7840,66656,521993940,현대에이치티,7900,20230412,101200,7830,7830,7830,7830,50,117342640
60,2,0.77,7840,66656,521993940,현대에이치티,7900,20230412,101300,7830,7830,7830,7810,25,117538350
60,2,0.77,7840,66656,521993940,현대에이치티,7900,20230412,101400,7830,7830,7830,7830,178,118932090
60,2,0.77,7840,66656,521993940,현대에이치티,7900,20230412,101500,7870,7840,7870,7840,2885,141605830
60,2,0.77,7840,66656,521993940,현대에이치티,7900,20230412,101600,7870,7870,7870,7870,177,142998820
60,2,0.77,7840,66656,521993940,현대에이치티,7900,20230412,101700,7890,7880,7890,7880,1858,157641440
60,2,0.77,7840,66656,521993940,현대에이치티,7900,20230412,101800,7890,7890,7890,7890,303,160032110
60,2,0.77,7840,66656,521993940,현대에이치티,7900,20230412,101900,7860,7890,7890,7860,520,164134610
60,2,0.77,7840,66656,521993940,현대에이치티,7900,20230412,102000,7860,7860,7860,7860,0,164134610
60,2,0.77,7840,66656,521993940,현대에이치티,7900,20230412,102100,7840,7860,7860,7840,630,169080430
60,2,0.77,7840,66656,521993940,현대에이치티,7900,20230412,102200,7840,7840,7840,7840,0,169080430
60,2,0.77,7840,66656,521993940,현대에이치티,7900,20230412,102300,7840,7840,7840,7840,0,169080430
60,2,0.77,7840,66656,521993940,현대에이치티,7900,20230412,102400,7840,7840,7840,7840,0,169080430
60,2,0.77,7840,66656,521993940,현대에이치티,7900,20230412,102500,7840,7840,7840,7840,0,169080430
60,2,0.77,7840,66656,521993940,현대에이치티,7900,20230412,102600,7840,7840,7840,7840,0,169080430
60,2,0.77,7840,66656,521993940,현대에이치티,7900,20230412,102700,7840,7840,7840,7840,0,169080430
60,2,0.77,7840,66656,521993940,현대에이치티,7900,20230412,102800,7840,7840,7840,7840,3,169103950
60,2,0.77,7840,66656,521993940,현대에이치티,7900,20230412,102900,7840,7840,7840,7840,0,169103950
60,2,0.77,7840,66656,521993940,현대에이치티,7900,20230412,103000,7840,7840,7840,7840,0,169103950
60,2,0.77,7840,66656,521993940,현대에이치티,7900,20230412,103100,7840,7840,7840,7840,0,169103950
60,2,0.77,7840,66656,521993940,현대에이치티,7900,20230412,103200,7840,7840,7840,7840,515,173141550
60,2,0.77,7840,66656,521993940,현대에이치티,7900,20230412,103300,7840,7840,7840,7840,5,173180750
60,2,0.77,7840,66656,521993940,현대에이치티,7900,20230412,103400,7840,7840,7840,7840,0,173180750
60,2,0.77,7840,66656,521993940,현대에이치티,7900,20230412,103500,7840,7840,7840,7840,0,173180750
60,2,0.77,7840,66656,521993940,현대에이치티,7900,20230412,103600,7840,7840,7840,7840,0,173180750
60,2,0.77,7840,66656,521993940,현대에이치티,7900,20230412,103700,7840,7840,7840,7840,15,173298350
60,2,0.77,7840,66656,521993940,현대에이치티,7900,20230412,103800,7820,7830,7830,7820,837,179844700
60,2,0.77,7840,66656,521993940,현대에이치티,7900,20230412,103900,7810,7810,7810,7810,302,182203320
60,2,0.77,7840,66656,521993940,현대에이치티,7900,20230412,104000,7810,7810,7810,7810,0,182203320
60,2,0.77,7840,66656,521993940,현대에이치티,7900,20230412,104100,7810,7810,7810,7810,0,182203320
60,2,0.77,7840,66656,521993940,현대에이치티,7900,20230412,104200,7810,7810,7810,7810,0,182203320
60,2,0.77,7840,66656,521993940,현대에이치티,7900,20230412,104300,7810,7810,7810,7810,0,182203320
60,2,0.77,7840,66656,521993940,현대에이치티,7900,20230412,104400,7810,7810,7810,7810,0,182203320
60,2,0.77,7840,66656,521993940,현대에이치티,7900,20230412,104500,7800,7800,7800,7800,229,183989520
60,2,0.77,7840,66656,521993940,현대에이치티,7900,20230412,104600,7800,7800,7800,7800,0,183989520
60,2,0.77,7840,66656,521993940,현대에이치티,7900,20230412,104700,7800,7800,7800,7800,0,183989520
60,2,0.77,7840,66656,521993940,현대에이치티,7900,20230412,104800,7800,7800,7800,7800,0,183989520
60,2,0.77,7840,66656,521993940,현대에이치티,7900,20230412,104900,7800,7800,7800,7800,124,184956720
60,2,0.77,7840,66656,521993940,현대에이치티,7900,20230412,105000,7800,7800,7800,7800,0,184956720
60,2,0.77,7840,66656,521993940,현대에이치티,7900,20230412,105100,7790,7790,7790,7790,401,188080510
60,2,0.77,7840,66656,521993940,현대에이치티,7900,20230412,105200,7780,7780,7780,7780,223,189815450
60,2,0.77,7840,66656,521993940,현대에이치티,7900,20230412,105300,7780,7780,7780,7780,0,189815450
60,2,0.77,7840,66656,521993940,현대에이치티,7900,20230412,105400,7790,7790,7790,7790,5,189854400
60,2,0.77,7840,66656,521993940,현대에이치티,7900,20230412,105500,7790,7790,7790,7790,0,189854400
60,2,0.77,7840,66656,521993940,현대에이치티,7900,20230412,105600,7780,7780,7780,7780,301,192196180
60,2,0.77,7840,66656,521993940,현대에이치티,7900,20230412,105700,7780,7780,7780,7780,19,192344000
60,2,0.77,7840,66656,521993940,현대에이치티,7900,20230412,105800,7770,7780,7780,7770,73,192911930
60,2,0.77,7840,66656,521993940,현대에이치티,7900,20230412,105900,7770,7770,7770,7770,130,193922030
60,2,0.77,7840,66656,521993940,현대에이치티,7900,20230412,110000,7770,7770,7770,7770,2,193937570
60,2,0.77,7840,66656,521993940,현대에이치티,7900,20230412,110100,7780,7770,7780,7770,74,194513270
60,2,0.77,7840,66656,521993940,현대에이치티,7900,20230412,110200,7790,7790,7790,7790,1336,204920710
60,2,0.77,7840,66656,521993940,현대에이치티,7900,20230412,110300,7800,7800,7800,7800,62,205404310
60,2,0.77,7840,66656,521993940,현대에이치티,7900,20230412,110400,7800,7800,7800,7800,0,205404310
60,2,0.77,7840,66656,521993940,현대에이치티,7900,20230412,110500,7800,7800,7800,7800,15,205521310
60,2,0.77,7840,66656,521993940,현대에이치티,7900,20230412,110600,7800,7800,7800,7800,0,205521310
60,2,0.77,7840,66656,521993940,현대에이치티,7900,20230412,110700,7800,7800,7800,7800,777,211581910
60,2,0.77,7840,66656,521993940,현대에이치티,7900,20230412,110800,7800,7800,7800,7800,0,211581910
60,2,0.77,7840,66656,521993940,현대에이치티,7900,20230412,110900,7800,7800,7800,7800,0,211581910
60,2,0.77,7840,66656,521993940,현대에이치티,7900,20230412,111000,7800,7800,7800,7800,0,211581910
60,2,0.77,7840,66656,521993940,현대에이치티,7900,20230412,111100,7800,7800,7800,7800,0,211581910
60,2,0.77,7840,66656,521993940,현대에이치티,7900,20230412,111200,7800,7800,7800,7800,0,211581910
60,2,0.77,7840,66656,521993940,현대에이치티,7900,20230412,111300,7800,7800,7800,7800,0,211581910
60,2,0.77,7840,66656,521993940,현대에이치티,7900,20230412,111400,7800,7800,7800,7800,0,211581910
60,2,0.77,7840,66656,521993940,현대에이치티,7900,20230412,111500,7820,7810,7820,7810,122,212535940
60,2,0.77,7840,66656,521993940,현대에이치티,7900,20230412,111600,7820,7820,7820,7820,0,212535940
60,2,0.77,7840,66656,521993940,현대에이치티,7900,20230412,111700,7820,7820,7820,7820,100,213317940
60,2,0.77,7840,66656,521993940,현대에이치티,7900,20230412,111800,7820,7820,7820,7820,50,213708940
60,2,0.77,7840,66656,521993940,현대에이치티,7900,20230412,111900,7820,7820,7820,7820,0,213708940
60,2,0.77,7840,66656,521993940,현대에이치티,7900,20230412,112000,7820,7820,7820,7820,0,213708940
60,2,0.77,7840,66656,521993940,현대에이치티,7900,20230412,112100,7820,7820,7820,7820,0,213708940
60,2,0.77,7840,66656,521993940,현대에이치티,7900,20230412,112200,7820,7820,7820,7820,0,213708940
60,2,0.77,7840,66656,521993940,현대에이치티,7900,20230412,112300,7820,7820,7820,7820,49,214092120
60,2,0.77,7840,66656,521993940,현대에이치티,7900,20230412,112400,7820,7820,7820,7820,105,214913220
60,2,0.77,7840,66656,521993940,현대에이치티,7900,20230412,112500,7820,7820,7820,7820,0,214913220
60,2,0.77,7840,66656,521993940,현대에이치티,7900,20230412,112600,7820,7820,7820,7820,0,214913220
60,2,0.77,7840,66656,521993940,현대에이치티,7900,20230412,112700,7840,7820,7840,7820,50,215305130
60,2,0.77,7840,66656,521993940,현대에이치티,7900,20230412,112800,7840,7840,7840,7840,0,215305130
60,2,0.77,7840,66656,521993940,현대에이치티,7900,20230412,112900,7840,7840,7840,7840,0,215305130
60,2,0.77,7840,66656,521993940,현대에이치티,7900,20230412,113000,7820,7820,7820,7820,20,215461530
60,2,0.77,7840,66656,521993940,현대에이치티,7900,20230412,113100,7820,7820,7820,7820,0,215461530
60,2,0.77,7840,66656,521993940,현대에이치티,7900,20230412,113200,7820,7820,7820,7820,0,215461530
60,2,0.77,7840,66656,521993940,현대에이치티,7900,20230412,113300,7820,7820,7820,7820,0,215461530
60,2,0.77,7840,66656,521993940,현대에이치티,7900,20230412,113400,7820,7820,7820,7820,0,215461530
60,2,0.77,7840,66656,521993940,현대에이치티,7900,20230412,113500,7820,7820,7820,7820,0,215461530
60,2,0.77,7840,66656,521993940,현대에이치티,7900,20230412,113600,7820,7820,7820,7820,0,215461530
60,2,0.77,7840,66656,521993940,현대에이치티,7900,20230412,113700,7820,7820,7820,7820,0,215461530
60,2,0.77,7840,66656,521993940,현대에이치티,7900,20230412,113800,7820,7820,7820,7820,0,215461530
60,2,0.77,7840,66656,521993940,현대에이치티,7900,20230412,113900,7820,7820,7820,7820,0,215461530
60,2,0.77,7840,66656,521993940,현대에이치티,7900,20230412,114000,7820,7820,7820,7820,44,215805610
60,2,0.77,7840,66656,521993940,현대에이치티,7900,20230412,114100,7820,7810,7820,7810,2,215821240
60,2,0.77,7840,66656,521993940,현대에이치티,7900,20230412,114200,7820,7820,7820,7820,0,215821240
60,2,0.77,7840,66656,521993940,현대에이치티,7900,20230412,114300,7820,7820,7820,7820,0,215821240
60,2,0.77,7840,66656,521993940,현대에이치티,7900,20230412,114400,7820,7820,7820,7820,11,215907260
60,2,0.77,7840,66656,521993940,현대에이치티,7900,20230412,114500,7820,7820,7820,7820,1,215915080
60,2,0.77,7840,66656,521993940,현대에이치티,7900,20230412,114600,7820,7820,7820,7820,50,216306080
60,2,0.77,7840,66656,521993940,현대에이치티,7900,20230412,114700,7820,7820,7820,7820,0,216306080
60,2,0.77,7840,66656,521993940,현대에이치티,7900,20230412,114800,7820,7820,7820,7820,0,216306080
60,2,0.77,7840,66656,521993940,현대에이치티,7900,20230412,114900,7820,7820,7820,7820,0,216306080
60,2,0.77,7840,66656,521993940,현대에이치티,7900,20230412,115000,7820,7820,7820,7820,0,216306080
60,2,0.77,7840,66656,521993940,현대에이치티,7900,20230412,115100,7820,7820,7820,7820,0,216306080
60,2,0.77,7840,66656,521993940,현대에이치티,7900,20230412,115200,7820,7820,7820,7820,0,216306080
60,2,0.77,7840,66656,521993940,현대에이치티,7900,20230412,115300,7820,7820,7820,7820,0,216306080
60,2,0.77,7840,66656,521993940,현대에이치티,7900,20230412,115400,7820,7820,7820,7820,0,216306080
60,2,0.77,7840,66656,521993940,현대에이치티,7900,20230412,115500,7820,7820,7820,7820,0,216306080
60,2,0.77,7840,66656,521993940,현대에이치티,7900,20230412,115600,7820,7820,7820,7820,0,216306080
60,2,0.77,7840,66656,521993940,현대에이치티,7900,20230412,115700,7820,7820,7820,7820,0,216306080
60,2,0.77,7840,66656,521993940,현대에이치티,7900,20230412,115800,7820,7820,7820,7820,0,216306080
60,2,0.77,7840,66656,521993940,현대에이치티,7900,20230412,115900,7820,7820,7820,7820,0,216306080
60,2,0.77,7840,66656,521993940,현대에이치티,7900,20230412,120000,7820,7820,7820,7820,0,216306080
60,2,0.77,7840,66656,521993940,현대에이치티,7900,20230412,120100,7810,7820,7820,7810,424,219621590
60,2,0.77,7840,66656,521993940,현대에이치티,7900,20230412,120200,7800,7800,7800,7800,264,221680790
60,2,0.77,7840,66656,521993940,현대에이치티,7900,20230412,120300,7800,7800,7800,7800,0,221680790
60,2,0.77,7840,66656,521993940,현대에이치티,7900,20230412,120400,7800,7800,7800,7800,0,221680790
60,2,0.77,7840,66656,521993940,현대에이치티,7900,20230412,120500,7800,7800,7800,7800,0,221680790
60,2,0.77,7840,66656,521993940,현대에이치티,7900,20230412,120600,7800,7800,7800,7800,0,221680790
60,2,0.77,7840,66656,521993940,현대에이치티,7900,20230412,120700,7830,7830,7830,7830,1,221688620
60,2,0.77,7840,66656,521993940,현대에이치티,7900,20230412,120800,7830,7830,7830,7830,150,222863120
60,2,0.77,7840,66656,521993940,현대에이치티,7900,20230412,120900,7830,7830,7830,7830,0,222863120
60,2,0.77,7840,66656,521993940,현대에이치티,7900,20230412,121000,7830,7830,7830,7830,0,222863120
60,2,0.77,7840,66656,521993940,현대에이치티,7900,20230412,121100,7830,7830,7830,7830,0,222863120
60,2,0.77,7840,66656,521993940,현대에이치티,7900,20230412,121200,7830,7830,7830,7830,0,222863120
60,2,0.77,7840,66656,521993940,현대에이치티,7900,20230412,121300,7830,7830,7830,7830,0,222863120
60,2,0.77,7840,66656,521993940,현대에이치티,7900,20230412,121400,7830,7830,7830,7830,0,222863120
60,2,0.77,7840,66656,521993940,현대에이치티,7900,20230412,121500,7830,7830,7830,7830,0,222863120
60,2,0.77,7840,66656,521993940,현대에이치티,7900,20230412,121600,7830,7830,7830,7830,0,222863120
60,2,0.77,7840,66656,521993940,현대에이치티,7900,20230412,121700,7840,7840,7840,7830,4,222894460
60,2,0.77,7840,66656,521993940,현대에이치티,7900,20230412,121800,7840,7840,7840,7840,0,222894460
60,2,0.77,7840,66656,521993940,현대에이치티,7900,20230412,121900,7840,7840,7840,7840,40,223208060
60,2,0.77,7840,66656,521993940,현대에이치티,7900,20230412,122000,7840,7840,7840,7840,0,223208060
60,2,0.77,7840,66656,521993940,현대에이치티,7900,20230412,122100,7840,7840,7840,7840,0,223208060
60,2,0.77,7840,66656,521993940,현대에이치티,7900,20230412,122200,7840,7840,7840,7840,0,223208060
60,2,0.77,7840,66656,521993940,현대에이치티,7900,20230412,122300,7840,7840,7840,7840,10,223286460
60,2,0.77,7840,66656,521993940,현대에이치티,7900,20230412,122400,7840,7840,7840,7840,0,223286460
60,2,0.77,7840,66656,521993940,현대에이치티,7900,20230412,122500,7840,7840,7840,7840,12,223380540
60,2,0.77,7840,66656,521993940,현대에이치티,7900,20230412,122600,7840,7840,7840,7840,0,223380540
60,2,0.77,7840,66656,521993940,현대에이치티,7900,20230412,122700,7840,7840,7840,7840,0,223380540
60,2,0.77,7840,66656,521993940,현대에이치티,7900,20230412,122800,7840,7840,7840,7840,0,223380540
60,2,0.77,7840,66656,521993940,현대에이치티,7900,20230412,122900,7840,7840,7840,7840,0,223380540
60,2,0.77,7840,66656,521993940,현대에이치티,7900,20230412,123000,7840,7840,7840,7840,3,223404060
60,2,0.77,7840,66656,521993940,현대에이치티,7900,20230412,123100,7840,7840,7840,7840,256,225411100
60,2,0.77,7840,66656,521993940,현대에이치티,7900,20230412,123200,7840,7830,7840,7830,2,225426770
60,2,0.77,7840,66656,521993940,현대에이치티,7900,20230412,123300,7840,7840,7840,7840,2,225442450
60,2,0.77,7840,66656,521993940,현대에이치티,7900,20230412,123400,7840,7840,7840,7840,0,225442450
60,2,0.77,7840,66656,521993940,현대에이치티,7900,20230412,123500,7840,7840,7840,7840,0,225442450
60,2,0.77,7840,66656,521993940,현대에이치티,7900,20230412,123600,7830,7830,7830,7830,246,227368630
60,2,0.77,7840,66656,521993940,현대에이치티,7900,20230412,123700,7830,7830,7830,7830,0,227368630
60,2,0.77,7840,66656,521993940,현대에이치티,7900,20230412,123800,7810,7810,7810,7810,1,227376440
60,2,0.77,7840,66656,521993940,현대에이치티,7900,20230412,123900,7810,7810,7810,7810,0,227376440
60,2,0.77,7840,66656,521993940,현대에이치티,7900,20230412,124000,7810,7810,7810,7810,10,227454540
60,2,0.77,7840,66656,521993940,현대에이치티,7900,20230412,124100,7810,7810,7810,7810,0,227454540
60,2,0.77,7840,66656,521993940,현대에이치티,7900,20230412,124200,7810,7810,7810,7810,251,229414850
60,2,0.77,7840,66656,521993940,현대에이치티,7900,20230412,124300,7810,7810,7810,7810,0,229414850
60,2,0.77,7840,66656,521993940,현대에이치티,7900,20230412,124400,7810,7810,7810,7810,215,231094000
60,2,0.77,7840,66656,521993940,현대에이치티,7900,20230412,124500,7810,7810,7810,7810,0,231094000
60,2,0.77,7840,66656,521993940,현대에이치티,7900,20230412,124600,7810,7810,7810,7810,4,231125240
60,2,0.77,7840,66656,521993940,현대에이치티,7900,20230412,124700,7810,7810,7810,7810,0,231125240
60,2,0.77,7840,66656,521993940,현대에이치티,7900,20230412,124800,7810,7810,7810,7810,0,231125240
60,2,0.77,7840,66656,521993940,현대에이치티,7900,20230412,124900,7810,7810,7810,7810,1,231133050
60,2,0.77,7840,66656,521993940,현대에이치티,7900,20230412,125000,7810,7810,7810,7810,0,231133050
60,2,0.77,7840,66656,521993940,현대에이치티,7900,20230412,125100,7810,7810,7810,7810,0,231133050
60,2,0.77,7840,66656,521993940,현대에이치티,7900,20230412,125200,7810,7810,7810,7810,0,231133050
60,2,0.77,7840,66656,521993940,현대에이치티,7900,20230412,125300,7810,7810,7810,7810,0,231133050
60,2,0.77,7840,66656,521993940,현대에이치티,7900,20230412,125400,7810,7810,7810,7810,0,231133050
60,2,0.77,7840,66656,521993940,현대에이치티,7900,20230412,125500,7810,7810,7810,7810,0,231133050
60,2,0.77,7840,66656,521993940,현대에이치티,7900,20230412,125600,7810,7810,7810,7810,0,231133050
60,2,0.77,7840,66656,521993940,현대에이치티,7900,20230412,125700,7830,7830,7830,7830,255,233129700
60,2,0.77,7840,66656,521993940,현대에이치티,7900,20230412,125800,7830,7810,7830,7810,2,233145340
60,2,0.77,7840,66656,521993940,현대에이치티,7900,20230412,125900,7830,7830,7830,7830,0,233145340
60,2,0.77,7840,66656,521993940,현대에이치티,7900,20230412,130000,7830,7830,7830,7830,0,233145340
60,2,0.77,7840,66656,521993940,현대에이치티,7900,20230412,130100,7830,7830,7830,7830,0,233145340
60,2,0.77,7840,66656,521993940,현대에이치티,7900,20230412,130200,7830,7830,7830,7830,0,233145340
60,2,0.77,7840,66656,521993940,현대에이치티,7900,20230412,130300,7830,7830,7830,7830,0,233145340
60,2,0.77,7840,66656,521993940,현대에이치티,7900,20230412,130400,7830,7830,7830,7830,0,233145340
60,2,0.77,7840,66656,521993940,현대에이치티,7900,20230412,130500,7810,7810,7810,7810,14,233254680
60,2,0.77,7840,66656,521993940,현대에이치티,7900,20230412,130600,7810,7810,7810,7810,0,233254680
60,2,0.77,7840,66656,521993940,현대에이치티,7900,20230412,130700,7830,7830,7830,7830,10,233332980
60,2,0.77,7840,66656,521993940,현대에이치티,7900,20230412,130800,7830,7830,7830,7830,0,233332980
60,2,0.77,7840,66656,521993940,현대에이치티,7900,20230412,130900,7830,7830,7830,7830,0,233332980
60,2,0.77,7840,66656,521993940,현대에이치티,7900,20230412,131000,7830,7830,7830,7830,0,233332980
60,2,0.77,7840,66656,521993940,현대에이치티,7900,20230412,131100,7830,7830,7830,7830,0,233332980
60,2,0.77,7840,66656,521993940,현대에이치티,7900,20230412,131200,7830,7830,7830,7830,0,233332980
60,2,0.77,7840,66656,521993940,현대에이치티,7900,20230412,131300,7830,7830,7830,7830,1,233340810
60,2,0.77,7840,66656,521993940,현대에이치티,7900,20230412,131400,7830,7830,7830,7830,30,233575710
60,2,0.77,7840,66656,521993940,현대에이치티,7900,20230412,131500,7810,7810,7810,7810,12,233669430
60,2,0.77,7840,66656,521993940,현대에이치티,7900,20230412,131600,7810,7810,7810,7810,0,233669430
60,2,0.77,7840,66656,521993940,현대에이치티,7900,20230412,131700,7810,7810,7810,7810,0,233669430
60,2,0.77,7840,66656,521993940,현대에이치티,7900,20230412,131800,7810,7810,7810,7810,0,233669430
60,2,0.77,7840,66656,521993940,현대에이치티,7900,20230412,131900,7810,7810,7810,7810,0,233669430
60,2,0.77,7840,66656,521993940,현대에이치티,7900,20230412,132000,7810,7810,7810,7810,0,233669430
60,2,0.77,7840,66656,521993940,현대에이치티,7900,20230412,132100,7810,7810,7810,7810,0,233669430
60,2,0.77,7840,66656,521993940,현대에이치티,7900,20230412,132200,7810,7810,7810,7810,0,233669430
60,2,0.77,7840,66656,521993940,현대에이치티,7900,20230412,132300,7810,7810,7810,7810,0,233669430
60,2,0.77,7840,66656,521993940,현대에이치티,7900,20230412,132400,7830,7830,7830,7830,124,234640350
60,2,0.77,7840,66656,521993940,현대에이치티,7900,20230412,132500,7830,7830,7830,7830,1,234648180
60,2,0.77,7840,66656,521993940,현대에이치티,7900,20230412,132600,7830,7830,7830,7830,0,234648180
60,2,0.77,7840,66656,521993940,현대에이치티,7900,20230412,132700,7830,7830,7830,7830,0,234648180
60,2,0.77,7840,66656,521993940,현대에이치티,7900,20230412,132800,7830,7830,7830,7830,0,234648180
60,2,0.77,7840,66656,521993940,현대에이치티,7900,20230412,132900,7830,7830,7830,7830,0,234648180
60,2,0.77,7840,66656,521993940,현대에이치티,7900,20230412,133000,7830,7830,7830,7830,400,237780180
60,2,0.77,7840,66656,521993940,현대에이치티,7900,20230412,133100,7830,7830,7830,7830,9,237850650
60,2,0.77,7840,66656,521993940,현대에이치티,7900,20230412,133200,7830,7830,7830,7830,0,237850650
60,2,0.77,7840,66656,521993940,현대에이치티,7900,20230412,133300,7830,7830,7830,7830,0,237850650
60,2,0.77,7840,66656,521993940,현대에이치티,7900,20230412,133400,7830,7830,7830,7830,0,237850650
60,2,0.77,7840,66656,521993940,현대에이치티,7900,20230412,133500,7830,7830,7830,7830,100,238633650
60,2,0.77,7840,66656,521993940,현대에이치티,7900,20230412,133600,7830,7830,7830,7830,0,238633650
60,2,0.77,7840,66656,521993940,현대에이치티,7900,20230412,133700,7830,7830,7830,7830,0,238633650
60,2,0.77,7840,66656,521993940,현대에이치티,7900,20230412,133800,7830,7830,7830,7830,100,239416650
60,2,0.77,7840,66656,521993940,현대에이치티,7900,20230412,133900,7820,7830,7830,7820,361,242240280
60,2,0.77,7840,66656,521993940,현대에이치티,7900,20230412,134000,7820,7820,7820,7820,0,242240280
60,2,0.77,7840,66656,521993940,현대에이치티,7900,20230412,134100,7830,7830,7830,7830,657,247384590
60,2,0.77,7840,66656,521993940,현대에이치티,7900,20230412,134200,7830,7830,7830,7830,0,247384590
60,2,0.77,7840,66656,521993940,현대에이치티,7900,20230412,134300,7830,7830,7830,7830,0,247384590
60,2,0.77,7840,66656,521993940,현대에이치티,7900,20230412,134400,7830,7830,7830,7830,100,248167590
60,2,0.77,7840,66656,521993940,현대에이치티,7900,20230412,134500,7830,7830,7830,7830,0,248167590
60,2,0.77,7840,66656,521993940,현대에이치티,7900,20230412,134600,7840,7830,7840,7830,435,251573660
60,2,0.77,7840,66656,521993940,현대에이치티,7900,20230412,134700,7880,7840,7880,7840,6918,305944730
60,2,0.77,7840,66656,521993940,현대에이치티,7900,20230412,134800,7890,7880,7890,7880,1150,315011960
60,2,0.77,7840,66656,521993940,현대에이치티,7900,20230412,134900,7890,7890,7890,7890,1,315019850
60,2,0.77,7840,66656,521993940,현대에이치티,7900,20230412,135000,7890,7890,7890,7890,0,315019850
60,2,0.77,7840,66656,521993940,현대에이치티,7900,20230412,135100,7880,7880,7880,7880,1,315027730
60,2,0.77,7840,66656,521993940,현대에이치티,7900,20230412,135200,7880,7880,7880,7880,1,315035610
60,2,0.77,7840,66656,521993940,현대에이치티,7900,20230412,135300,7880,7880,7880,7870,344,317746290
60,2,0.77,7840,66656,521993940,현대에이치티,7900,20230412,135400,7870,7880,7880,7870,2,317762040
60,2,0.77,7840,66656,521993940,현대에이치티,7900,20230412,135500,7880,7880,7880,7880,41,318085120
60,2,0.77,7840,66656,521993940,현대에이치티,7900,20230412,135600,7880,7880,7880,7880,76,318684000
60,2,0.77,7840,66656,521993940,현대에이치티,7900,20230412,135700,7880,7880,7880,7880,100,319472000
60,2,0.77,7840,66656,521993940,현대에이치티,7900,20230412,135800,7880,7870,7880,7870,495,323367890
60,2,0.77,7840,66656,521993940,현대에이치티,7900,20230412,135900,7880,7880,7880,7880,0,323367890
60,2,0.77,7840,66656,521993940,현대에이치티,7900,20230412,140000,7870,7870,7870,7870,10,323446590
60,2,0.77,7840,66656,521993940,현대에이치티,7900,20230412,140100,7870,7870,7870,7870,5,323485940
60,2,0.77,7840,66656,521993940,현대에이치티,7900,20230412,140200,7870,7870,7870,7870,120,324430340
60,2,0.77,7840,66656,521993940,현대에이치티,7900,20230412,140300,7870,7870,7870,7870,0,324430340
60,2,0.77,7840,66656,521993940,현대에이치티,7900,20230412,140400,7860,7870,7870,7860,251,326405690
60,2,0.77,7840,66656,521993940,현대에이치티,7900,20230412,140500,7850,7850,7850,7850,2,326421390
60,2,0.77,7840,66656,521993940,현대에이치티,7900,20230412,140600,7850,7850,7850,7850,200,327991390
60,2,0.77,7840,66656,521993940,현대에이치티,7900,20230412,140700,7870,7870,7870,7870,210,329644090
60,2,0.77,7840,66656,521993940,현대에이치티,7900,20230412,140800,7870,7870,7870,7870,0,329644090
60,2,0.77,7840,66656,521993940,현대에이치티,7900,20230412,140900,7870,7870,7870,7870,0,329644090
60,2,0.77,7840,66656,521993940,현대에이치티,7900,20230412,141000,7870,7870,7870,7870,0,329644090
60,2,0.77,7840,66656,521993940,현대에이치티,7900,20230412,141100,7860,7850,7860,7850,400,332787090
60,2,0.77,7840,66656,521993940,현대에이치티,7900,20230412,141200,7860,7860,7860,7860,0,332787090
60,2,0.77,7840,66656,521993940,현대에이치티,7900,20230412,141300,7860,7860,7860,7860,0,332787090
60,2,0.77,7840,66656,521993940,현대에이치티,7900,20230412,141400,7860,7860,7860,7860,0,332787090
60,2,0.77,7840,66656,521993940,현대에이치티,7900,20230412,141500,7860,7860,7860,7860,0,332787090
60,2,0.77,7840,66656,521993940,현대에이치티,7900,20230412,141600,7860,7860,7860,7860,0,332787090
60,2,0.77,7840,66656,521993940,현대에이치티,7900,20230412,141700,7860,7870,7870,7860,3677,361688450
60,2,0.77,7840,66656,521993940,현대에이치티,7900,20230412,141800,7870,7870,7870,7870,307,364104540
60,2,0.77,7840,66656,521993940,현대에이치티,7900,20230412,141900,7880,7880,7880,7880,5,364143940
60,2,0.77,7840,66656,521993940,현대에이치티,7900,20230412,142000,7880,7880,7880,7880,740,369975140
60,2,0.77,7840,66656,521993940,현대에이치티,7900,20230412,142100,7870,7870,7870,7870,50,370368640
60,2,0.77,7840,66656,521993940,현대에이치티,7900,20230412,142200,7870,7870,7870,7870,300,372729640
60,2,0.77,7840,66656,521993940,현대에이치티,7900,20230412,142300,7870,7870,7870,7870,0,372729640
60,2,0.77,7840,66656,521993940,현대에이치티,7900,20230412,142400,7870,7870,7870,7870,0,372729640
60,2,0.77,7840,66656,521993940,현대에이치티,7900,20230412,142500,7880,7880,7880,7880,135,373793440
60,2,0.77,7840,66656,521993940,현대에이치티,7900,20230412,142600,7870,7870,7870,7870,176,375178560
60,2,0.77,7840,66656,521993940,현대에이치티,7900,20230412,142700,7870,7870,7870,7870,3,375202170
60,2,0.77,7840,66656,521993940,현대에이치티,7900,20230412,142800,7860,7870,7870,7860,27,375414590
60,2,0.77,7840,66656,521993940,현대에이치티,7900,20230412,142900,7860,7860,7860,7860,0,375414590
60,2,0.77,7840,66656,521993940,현대에이치티,7900,20230412,143000,7860,7860,7860,7860,0,375414590
60,2,0.77,7840,66656,521993940,현대에이치티,7900,20230412,143100,7860,7860,7860,7860,132,376452110
60,2,0.77,7840,66656,521993940,현대에이치티,7900,20230412,143200,7860,7860,7860,7860,0,376452110
60,2,0.77,7840,66656,521993940,현대에이치티,7900,20230412,143300,7860,7860,7860,7860,10,376530710
60,2,0.77,7840,66656,521993940,현대에이치티,7900,20230412,143400,7860,7860,7860,7860,0,376530710
60,2,0.77,7840,66656,521993940,현대에이치티,7900,20230412,143500,7850,7850,7850,7850,60,377001710
60,2,0.77,7840,66656,521993940,현대에이치티,7900,20230412,143600,7850,7850,7850,7850,0,377001710
60,2,0.77,7840,66656,521993940,현대에이치티,7900,20230412,143700,7850,7850,7850,7850,60,377472710
60,2,0.77,7840,66656,521993940,현대에이치티,7900,20230412,143800,7850,7850,7850,7850,0,377472710
60,2,0.77,7840,66656,521993940,현대에이치티,7900,20230412,143900,7850,7840,7850,7830,390,380527360
60,2,0.77,7840,66656,521993940,현대에이치티,7900,20230412,144000,7840,7840,7840,7840,59,380989920
60,2,0.77,7840,66656,521993940,현대에이치티,7900,20230412,144100,7830,7840,7840,7830,10,381068270
60,2,0.77,7840,66656,521993940,현대에이치티,7900,20230412,144200,7830,7830,7830,7830,0,381068270
60,2,0.77,7840,66656,521993940,현대에이치티,7900,20230412,144300,7830,7830,7830,7830,0,381068270
60,2,0.77,7840,66656,521993940,현대에이치티,7900,20230412,144400,7860,7840,7860,7840,2407,399941270
60,2,0.77,7840,66656,521993940,현대에이치티,7900,20230412,144500,7890,7860,7890,7860,868,406776080
60,2,0.77,7840,66656,521993940,현대에이치티,7900,20230412,144600,7890,7890,7890,7890,0,406776080
60,2,0.77,7840,66656,521993940,현대에이치티,7900,20230412,144700,7880,7880,7880,7880,1,406783960
60,2,0.77,7840,66656,521993940,현대에이치티,7900,20230412,144800,7880,7880,7880,7880,0,406783960
60,2,0.77,7840,66656,521993940,현대에이치티,7900,20230412,144900,7880,7880,7880,7880,199,408352080
60,2,0.77,7840,66656,521993940,현대에이치티,7900,20230412,145000,7880,7880,7880,7880,0,408352080
60,2,0.77,7840,66656,521993940,현대에이치티,7900,20230412,145100,7880,7880,7880,7880,0,408352080
60,2,0.77,7840,66656,521993940,현대에이치티,7900,20230412,145200,7870,7870,7870,7870,242,410256620
60,2,0.77,7840,66656,521993940,현대에이치티,7900,20230412,145300,7870,7870,7870,7870,200,411830620
60,2,0.77,7840,66656,521993940,현대에이치티,7900,20230412,145400,7870,7870,7870,7870,50,412224120
60,2,0.77,7840,66656,521993940,현대에이치티,7900,20230412,145500,7880,7870,7880,7870,265,414312310
60,2,0.77,7840,66656,521993940,현대에이치티,7900,20230412,145600,7870,7890,7890,7870,112,415195950
60,2,0.77,7840,66656,521993940,현대에이치티,7900,20230412,145700,7870,7870,7870,7870,0,415195950
60,2,0.77,7840,66656,521993940,현대에이치티,7900,20230412,145800,7890,7890,7890,7890,90,415906050
60,2,0.77,7840,66656,521993940,현대에이치티,7900,20230412,145900,7880,7890,7890,7880,229,417710870
60,2,0.77,7840,66656,521993940,현대에이치티,7900,20230412,150000,7890,7880,7890,7880,753,423651930
60,2,0.77,7840,66656,521993940,현대에이치티,7900,20230412,150100,7890,7890,7890,7890,334,426287190
60,2,0.77,7840,66656,521993940,현대에이치티,7900,20230412,150200,7880,7880,7880,7880,200,427863190
60,2,0.77,7840,66656,521993940,현대에이치티,7900,20230412,150300,7880,7880,7880,7880,0,427863190
60,2,0.77,7840,66656,521993940,현대에이치티,7900,20230412,150400,7880,7880,7880,7880,296,430195670
60,2,0.77,7840,66656,521993940,현대에이치티,7900,20230412,150500,7860,7870,7870,7860,633,435172320
60,2,0.77,7840,66656,521993940,현대에이치티,7900,20230412,150600,7860,7860,7860,7860,31,435415980
60,2,0.77,7840,66656,521993940,현대에이치티,7900,20230412,150700,7860,7860,7860,7860,200,436987980
60,2,0.77,7840,66656,521993940,현대에이치티,7900,20230412,150800,7860,7860,7860,7860,32,437239500
60,2,0.77,7840,66656,521993940,현대에이치티,7900,20230412,150900,7860,7860,7860,7860,197,438787920
60,2,0.77,7840,66656,521993940,현대에이치티,7900,20230412,151000,7880,7880,7880,7880,50,439181920
60,2,0.77,7840,66656,521993940,현대에이치티,7900,20230412,151100,7860,7860,7860,7860,491,443041180
60,2,0.77,7840,66656,521993940,현대에이치티,7900,20230412,151200,7860,7860,7860,7860,59,443504920
60,2,0.77,7840,66656,521993940,현대에이치티,7900,20230412,151300,7860,7860,7860,7860,384,446523160
60,2,0.77,7840,66656,521993940,현대에이치티,7900,20230412,151400,7860,7860,7860,7860,350,449274160
60,2,0.77,7840,66656,521993940,현대에이치티,7900,20230412,151500,7860,7860,7860,7860,0,449274160
60,2,0.77,7840,66656,521993940,현대에이치티,7900,20230412,151600,7880,7880,7880,7880,53,449691800
60,2,0.77,7840,66656,521993940,현대에이치티,7900,20230412,151700,7860,7880,7880,7860,391,452767180
60,2,0.77,7840,66656,521993940,현대에이치티,7900,20230412,151800,7860,7860,7860,7860,0,452767180
60,2,0.77,7840,66656,521993940,현대에이치티,7900,20230412,151900,7870,7860,7870,7860,360,455600120
60,2,0.77,7840,66656,521993940,현대에이치티,7900,20230412,152000,7870,7870,7870,7870,0,455600120
60,2,0.77,7840,66656,521993940,현대에이치티,7900,20230412,152100,7870,7870,7870,7870,0,455600120
60,2,0.77,7840,66656,521993940,현대에이치티,7900,20230412,152200,7870,7870,7870,7870,0,455600120
60,2,0.77,7840,66656,521993940,현대에이치티,7900,20230412,152300,7870,7870,7870,7870,0,455600120
60,2,0.77,7840,66656,521993940,현대에이치티,7900,20230412,152400,7870,7870,7870,7870,0,455600120
60,2,0.77,7840,66656,521993940,현대에이치티,7900,20230412,152500,7870,7870,7870,7870,0,455600120
60,2,0.77,7840,66656,521993940,현대에이치티,7900,20230412,152600,7870,7870,7870,7870,0,455600120
60,2,0.77,7840,66656,521993940,현대에이치티,7900,20230412,152700,7870,7870,7870,7870,0,455600120
60,2,0.77,7840,66656,521993940,현대에이치티,7900,20230412,152800,7870,7870,7870,7870,0,455600120
60,2,0.77,7840,66656,521993940,현대에이치티,7900,20230412,152900,7870,7870,7870,7870,0,455600120
60,2,0.77,7840,66656,521993940,현대에이치티,7900,20230412,153000,7900,7900,7900,7900,3447,482831420
60,2,0.77,7840,66656,521993940,현대에이치티,7900,20230412,153100,7900,7900,7900,7900,0,482831420
60,2,0.77,7840,66656,521993940,현대에이치티,7900,20230412,153200,7900,7900,7900,7900,0,482831420
60,2,0.77,7840,66656,521993940,현대에이치티,7900,20230412,153300,7900,7900,7900,7900,0,482831420
60,2,0.77,7840,66656,521993940,현대에이치티,7900,20230412,153400,7900,7900,7900,7900,0,482831420
60,2,0.77,7840,66656,521993940,현대에이치티,7900,20230412,153500,7900,7900,7900,7900,0,482831420
60,2,0.77,7840,66656,521993940,현대에이치티,7900,20230412,153600,7900,7900,7900,7900,0,482831420
60,2,0.77,7840,66656,521993940,현대에이치티,7900,20230412,153700,7900,7900,7900,7900,0,482831420
60,2,0.77,7840,66656,521993940,현대에이치티,7900,20230412,153800,7900,7900,7900,7900,0,482831420
60,2,0.77,7840,66656,521993940,현대에이치티,7900,20230412,153900,7900,7900,7900,7900,0,482831420
60,2,0.77,7840,66656,521993940,현대에이치티,7900,20230412,154000,7900,7900,7900,7900,0,482831420
60,2,0.77,7840,66656,521993940,현대에이치티,7900,20230412,154100,7900,7900,7900,7900,0,482831420
60,2,0.77,7840,66656,521993940,현대에이치티,7900,20230412,154200,7900,7900,7900,7900,0,482831420
60,2,0.77,7840,66656,521993940,현대에이치티,7900,20230412,154300,7900,7900,7900,7900,0,482831420
60,2,0.77,7840,66656,521993940,현대에이치티,7900,20230412,154400,7900,7900,7900,7900,0,482831420
60,2,0.77,7840,66656,521993940,현대에이치티,7900,20230412,154500,7900,7900,7900,7900,0,482831420
60,2,0.77,7840,66656,521993940,현대에이치티,7900,20230412,154600,7900,7900,7900,7900,0,482831420
60,2,0.77,7840,66656,521993940,현대에이치티,7900,20230412,154700,7900,7900,7900,7900,0,482831420
60,2,0.77,7840,66656,521993940,현대에이치티,7900,20230412,154800,7900,7900,7900,7900,0,482831420
60,2,0.77,7840,66656,521993940,현대에이치티,7900,20230412,154900,7900,7900,7900,7900,0,482831420
60,2,0.77,7840,66656,521993940,현대에이치티,7900,20230412,155000,7900,7900,7900,7900,0,482831420
60,2,0.77,7840,66656,521993940,현대에이치티,7900,20230412,155100,7900,7900,7900,7900,0,482831420
60,2,0.77,7840,66656,521993940,현대에이치티,7900,20230412,155200,7900,7900,7900,7900,0,482831420
60,2,0.77,7840,66656,521993940,현대에이치티,7900,20230412,155300,7900,7900,7900,7900,0,482831420
60,2,0.77,7840,66656,521993940,현대에이치티,7900,20230412,155400,7900,7900,7900,7900,0,482831420
60,2,0.77,7840,66656,521993940,현대에이치티,7900,20230412,155500,7900,7900,7900,7900,0,482831420
60,2,0.77,7840,66656,521993940,현대에이치티,7900,20230412,155600,7900,7900,7900,7900,0,482831420
60,2,0.77,7840,66656,521993940,현대에이치티,7900,20230412,155700,7900,7900,7900,7900,0,482831420
60,2,0.77,7840,66656,521993940,현대에이치티,7900,20230412,155800,7900,7900,7900,7900,0,482831420
60,2,0.77,7840,66656,521993940,현대에이치티,7900,20230412,155900,7900,7900,7900,7900,3447,482831420
60,2,0.77,7840,66656,521993940,현대에이치티,7900,20230412,160000,7900,7900,7900,7900,0,482831420
60,2,0.77,7840,66656,521993940,현대에이치티,7900,20230412,160100,7900,7900,7900,7900,0,482831420
60,2,0.77,7840,66656,521993940,현대에이치티,7900,20230412,160200,7900,7900,7900,7900,0,482831420
60,2,0.77,7840,66656,521993940,현대에이치티,7900,20230412,160300,7900,7900,7900,7900,0,482831420
60,2,0.77,7840,66656,521993940,현대에이치티,7900,20230412,160400,7900,7900,7900,7900,0,482831420
60,2,0.77,7840,66656,521993940,현대에이치티,7900,20230412,160500,7900,7900,7900,7900,0,482831420
60,2,0.77,7840,66656,521993940,현대에이치티,7900,20230412,160600,7900,7900,7900,7900,0,482831420
60,2,0.77,7840,66656,521993940,현대에이치티,7900,20230412,160700,7900,7900,7900,7900,0,482831420
60,2,0.77,7840,66656,521993940,현대에이치티,7900,20230412,160800,7900,7900,7900,7900,0,482831420
60,2,0.77,7840,66656,521993940,현대에이치티,7900,20230412,160900,7900,7900,7900,7900,0,482831420
60,2,0.77,7840,66656,521993940,현대에이치티,7900,20230412,161000,7900,7900,7900,7900,0,482831420
60,2,0.77,7840,66656,521993940,현대에이치티,7900,20230412,161100,7900,7900,7900,7900,0,482831420
60,2,0.77,7840,66656,521993940,현대에이치티,7900,20230412,161200,7900,7900,7900,7900,0,482831420
60,2,0.77,7840,66656,521993940,현대에이치티,7900,20230412,161300,7900,7900,7900,7900,0,482831420
60,2,0.77,7840,66656,521993940,현대에이치티,7900,20230412,161400,7900,7900,7900,7900,0,482831420
60,2,0.77,7840,66656,521993940,현대에이치티,7900,20230412,161500,7900,7900,7900,7900,0,482831420
60,2,0.77,7840,66656,521993940,현대에이치티,7900,20230412,161600,7900,7900,7900,7900,0,482831420
60,2,0.77,7840,66656,521993940,현대에이치티,7900,20230412,161700,7900,7900,7900,7900,0,482831420
60,2,0.77,7840,66656,521993940,현대에이치티,7900,20230412,161800,7900,7900,7900,7900,0,482831420
60,2,0.77,7840,66656,521993940,현대에이치티,7900,20230412,161900,7900,7900,7900,7900,0,482831420
60,2,0.77,7840,66656,521993940,현대에이치티,7900,20230412,162000,7900,7900,7900,7900,0,482831420
60,2,0.77,7840,66656,521993940,현대에이치티,7900,20230412,162100,7900,7900,7900,7900,0,482831420
60,2,0.77,7840,66656,521993940,현대에이치티,7900,20230412,162200,7900,7900,7900,7900,0,482831420
60,2,0.77,7840,66656,521993940,현대에이치티,7900,20230412,162300,7900,7900,7900,7900,0,482831420
60,2,0.77,7840,66656,521993940,현대에이치티,7900,20230412,162400,7900,7900,7900,7900,0,482831420
60,2,0.77,7840,66656,521993940,현대에이치티,7900,20230412,162500,7900,7900,7900,7900,0,482831420
60,2,0.77,7840,66656,521993940,현대에이치티,7900,20230412,162600,7900,7900,7900,7900,0,482831420
60,2,0.77,7840,66656,521993940,현대에이치티,7900,20230412,162700,7900,7900,7900,7900,0,482831420
60,2,0.77,7840,66656,521993940,현대에이치티,7900,20230412,162800,7900,7900,7900,7900,0,482831420
60,2,0.77,7840,66656,521993940,현대에이치티,7900,20230412,162900,7900,7900,7900,7900,3447,482831420
60,2,0.77,7840,66656,521993940,현대에이치티,7900,20230412,163000,7900,7900,7900,7900,0,482831420
60,2,0.77,7840,66656,521993940,현대에이치티,7900,20230412,163100,7900,7900,7900,7900,0,482831420
60,2,0.77,7840,66656,521993940,현대에이치티,7900,20230412,163200,7900,7900,7900,7900,0,482831420
60,2,0.77,7840,66656,521993940,현대에이치티,7900,20230412,163300,7900,7900,7900,7900,0,482831420
60,2,0.77,7840,66656,521993940,현대에이치티,7900,20230412,163400,7900,7900,7900,7900,0,482831420
60,2,0.77,7840,66656,521993940,현대에이치티,7900,20230412,163500,7900,7900,7900,7900,0,482831420
60,2,0.77,7840,66656,521993940,현대에이치티,7900,20230412,163600,7900,7900,7900,7900,0,482831420
60,2,0.77,7840,66656,521993940,현대에이치티,7900,20230412,163700,7900,7900,7900,7900,0,482831420
60,2,0.77,7840,66656,521993940,현대에이치티,7900,20230412,163800,7900,7900,7900,7900,0,482831420
60,2,0.77,7840,66656,521993940,현대에이치티,7900,20230412,163900,7900,7900,7900,7900,0,482831420
60,2,0.77,7840,66656,521993940,현대에이치티,7900,20230412,164000,7900,7900,7900,7900,0,482831420
60,2,0.77,7840,66656,521993940,현대에이치티,7900,20230412,164100,7900,7900,7900,7900,0,482831420
60,2,0.77,7840,66656,521993940,현대에이치티,7900,20230412,164200,7900,7900,7900,7900,0,482831420
60,2,0.77,7840,66656,521993940,현대에이치티,7900,20230412,164300,7900,7900,7900,7900,0,482831420
60,2,0.77,7840,66656,521993940,현대에이치티,7900,20230412,164400,7900,7900,7900,7900,0,482831420
60,2,0.77,7840,66656,521993940,현대에이치티,7900,20230412,164500,7900,7900,7900,7900,0,482831420
60,2,0.77,7840,66656,521993940,현대에이치티,7900,20230412,164600,7900,7900,7900,7900,0,482831420
60,2,0.77,7840,66656,521993940,현대에이치티,7900,20230412,164700,7900,7900,7900,7900,0,482831420
60,2,0.77,7840,66656,521993940,현대에이치티,7900,20230412,164800,7900,7900,7900,7900,0,482831420
60,2,0.77,7840,66656,521993940,현대에이치티,7900,20230412,164900,7900,7900,7900,7900,0,482831420
60,2,0.77,7840,66656,521993940,현대에이치티,7900,20230412,165000,7900,7900,7900,7900,0,482831420
60,2,0.77,7840,66656,521993940,현대에이치티,7900,20230412,165100,7900,7900,7900,7900,0,482831420
60,2,0.77,7840,66656,521993940,현대에이치티,7900,20230412,165200,7900,7900,7900,7900,0,482831420
60,2,0.77,7840,66656,521993940,현대에이치티,7900,20230412,165300,7900,7900,7900,7900,0,482831420
60,2,0.77,7840,66656,521993940,현대에이치티,7900,20230412,165400,7900,7900,7900,7900,0,482831420
60,2,0.77,7840,66656,521993940,현대에이치티,7900,20230412,165500,7900,7900,7900,7900,0,482831420
60,2,0.77,7840,66656,521993940,현대에이치티,7900,20230412,165600,7900,7900,7900,7900,0,482831420
60,2,0.77,7840,66656,521993940,현대에이치티,7900,20230412,165700,7900,7900,7900,7900,0,482831420
60,2,0.77,7840,66656,521993940,현대에이치티,7900,20230412,165800,7900,7900,7900,7900,0,482831420
60,2,0.77,7840,66656,521993940,현대에이치티,7900,20230412,165900,7900,7900,7900,7900,3447,482831420
60,2,0.77,7840,66656,521993940,현대에이치티,7900,20230412,170000,7900,7900,7900,7900,0,482831420
60,2,0.77,7840,66656,521993940,현대에이치티,7900,20230412,170100,7900,7900,7900,7900,0,482831420
60,2,0.77,7840,66656,521993940,현대에이치티,7900,20230412,170200,7900,7900,7900,7900,0,482831420
60,2,0.77,7840,66656,521993940,현대에이치티,7900,20230412,170300,7900,7900,7900,7900,0,482831420
60,2,0.77,7840,66656,521993940,현대에이치티,7900,20230412,170400,7900,7900,7900,7900,0,482831420
60,2,0.77,7840,66656,521993940,현대에이치티,7900,20230412,170500,7900,7900,7900,7900,0,482831420
60,2,0.77,7840,66656,521993940,현대에이치티,7900,20230412,170600,7900,7900,7900,7900,0,482831420
60,2,0.77,7840,66656,521993940,현대에이치티,7900,20230412,170700,7900,7900,7900,7900,0,482831420
60,2,0.77,7840,66656,521993940,현대에이치티,7900,20230412,170800,7900,7900,7900,7900,0,482831420
60,2,0.77,7840,66656,521993940,현대에이치티,7900,20230412,170900,7900,7900,7900,7900,0,482831420
60,2,0.77,7840,66656,521993940,현대에이치티,7900,20230412,171000,7900,7900,7900,7900,0,482831420
60,2,0.77,7840,66656,521993940,현대에이치티,7900,20230412,171100,7900,7900,7900,7900,0,482831420
60,2,0.77,7840,66656,521993940,현대에이치티,7900,20230412,171200,7900,7900,7900,7900,0,482831420
60,2,0.77,7840,66656,521993940,현대에이치티,7900,20230412,171300,7900,7900,7900,7900,0,482831420
60,2,0.77,7840,66656,521993940,현대에이치티,7900,20230412,171400,7900,7900,7900,7900,0,482831420
60,2,0.77,7840,66656,521993940,현대에이치티,7900,20230412,171500,7900,7900,7900,7900,0,482831420
60,2,0.77,7840,66656,521993940,현대에이치티,7900,20230412,171600,7900,7900,7900,7900,0,482831420
60,2,0.77,7840,66656,521993940,현대에이치티,7900,20230412,171700,7900,7900,7900,7900,0,482831420
60,2,0.77,7840,66656,521993940,현대에이치티,7900,20230412,171800,7900,7900,7900,7900,0,482831420
60,2,0.77,7840,66656,521993940,현대에이치티,7900,20230412,171900,7900,7900,7900,7900,0,482831420
60,2,0.77,7840,66656,521993940,현대에이치티,7900,20230412,172000,7900,7900,7900,7900,0,482831420
60,2,0.77,7840,66656,521993940,현대에이치티,7900,20230412,172100,7900,7900,7900,7900,0,482831420
60,2,0.77,7840,66656,521993940,현대에이치티,7900,20230412,172200,7900,7900,7900,7900,0,482831420
60,2,0.77,7840,66656,521993940,현대에이치티,7900,20230412,172300,7900,7900,7900,7900,0,482831420
60,2,0.77,7840,66656,521993940,현대에이치티,7900,20230412,172400,7900,7900,7900,7900,0,482831420
60,2,0.77,7840,66656,521993940,현대에이치티,7900,20230412,172500,7900,7900,7900,7900,0,482831420
60,2,0.77,7840,66656,521993940,현대에이치티,7900,20230412,172600,7900,7900,7900,7900,0,482831420
60,2,0.77,7840,66656,521993940,현대에이치티,7900,20230412,172700,7900,7900,7900,7900,0,482831420
60,2,0.77,7840,66656,521993940,현대에이치티,7900,20230412,172800,7900,7900,7900,7900,0,482831420
60,2,0.77,7840,66656,521993940,현대에이치티,7900,20230412,172900,7900,7900,7900,7900,3447,482831420
60,2,0.77,7840,66656,521993940,현대에이치티,7900,20230412,173000,7900,7900,7900,7900,0,482831420
60,2,0.77,7840,66656,521993940,현대에이치티,7900,20230412,173100,7900,7900,7900,7900,0,482831420
60,2,0.77,7840,66656,521993940,현대에이치티,7900,20230412,173200,7900,7900,7900,7900,0,482831420
60,2,0.77,7840,66656,521993940,현대에이치티,7900,20230412,173300,7900,7900,7900,7900,0,482831420
60,2,0.77,7840,66656,521993940,현대에이치티,7900,20230412,173400,7900,7900,7900,7900,0,482831420
60,2,0.77,7840,66656,521993940,현대에이치티,7900,20230412,173500,7900,7900,7900,7900,0,482831420
60,2,0.77,7840,66656,521993940,현대에이치티,7900,20230412,173600,7900,7900,7900,7900,0,482831420
60,2,0.77,7840,66656,521993940,현대에이치티,7900,20230412,173700,7900,7900,7900,7900,0,482831420
60,2,0.77,7840,66656,521993940,현대에이치티,7900,20230412,173800,7900,7900,7900,7900,0,482831420
60,2,0.77,7840,66656,521993940,현대에이치티,7900,20230412,173900,7900,7900,7900,7900,0,482831420
60,2,0.77,7840,66656,521993940,현대에이치티,7900,20230412,174000,7900,7900,7900,7900,0,482831420
60,2,0.77,7840,66656,521993940,현대에이치티,7900,20230412,174100,7900,7900,7900,7900,0,482831420
60,2,0.77,7840,66656,521993940,현대에이치티,7900,20230412,174200,7900,7900,7900,7900,0,482831420
60,2,0.77,7840,66656,521993940,현대에이치티,7900,20230412,174300,7900,7900,7900,7900,0,482831420
60,2,0.77,7840,66656,521993940,현대에이치티,7900,20230412,174400,7900,7900,7900,7900,0,482831420
60,2,0.77,7840,66656,521993940,현대에이치티,7900,20230412,174500,7900,7900,7900,7900,0,482831420
60,2,0.77,7840,66656,521993940,현대에이치티,7900,20230412,174600,7900,7900,7900,7900,0,482831420
60,2,0.77,7840,66656,521993940,현대에이치티,7900,20230412,174700,7900,7900,7900,7900,0,482831420
60,2,0.77,7840,66656,521993940,현대에이치티,7900,20230412,174800,7900,7900,7900,7900,0,482831420
60,2,0.77,7840,66656,521993940,현대에이치티,7900,20230412,174900,7900,7900,7900,7900,0,482831420
60,2,0.77,7840,66656,521993940,현대에이치티,7900,20230412,175000,7900,7900,7900,7900,0,482831420
60,2,0.77,7840,66656,521993940,현대에이치티,7900,20230412,175100,7900,7900,7900,7900,0,482831420
60,2,0.77,7840,66656,521993940,현대에이치티,7900,20230412,175200,7900,7900,7900,7900,0,482831420
60,2,0.77,7840,66656,521993940,현대에이치티,7900,20230412,175300,7900,7900,7900,7900,0,482831420
60,2,0.77,7840,66656,521993940,현대에이치티,7900,20230412,175400,7900,7900,7900,7900,0,482831420
60,2,0.77,7840,66656,521993940,현대에이치티,7900,20230412,175500,7900,7900,7900,7900,0,482831420
60,2,0.77,7840,66656,521993940,현대에이치티,7900,20230412,175600,7900,7900,7900,7900,0,482831420
60,2,0.77,7840,66656,521993940,현대에이치티,7900,20230412,175700,7900,7900,7900,7900,0,482831420
60,2,0.77,7840,66656,521993940,현대에이치티,7900,20230412,175800,7900,7900,7900,7900,0,482831420
60,2,0.77,7840,66656,521993940,현대에이치티,7900,20230412,175900,7900,7900,7900,7900,3447,482831420
60,2,0.77,7840,66656,521993940,현대에이치티,7900,20230412,180000,7900,7900,7900,7900,0,482831420
60,2,0.77,7840,66656,521993940,현대에이치티,7900,20230412,180100,7900,7900,7900,7900,0,482831420
60,2,0.77,7840,66656,521993940,현대에이치티,7900,20230412,180200,7900,7900,7900,7900,0,482831420
60,2,0.77,7840,66656,521993940,현대에이치티,7900,20230412,180300,7900,7900,7900,7900,0,482831420
60,2,0.77,7840,66656,521993940,현대에이치티,7900,20230412,180400,7900,7900,7900,7900,0,482831420
60,2,0.77,7840,66656,521993940,현대에이치티,7900,20230412,180500,7900,7900,7900,7900,0,482831420
60,2,0.77,7840,66656,521993940,현대에이치티,7900,20230412,180600,7900,7900,7900,7900,0,482831420
60,2,0.77,7840,66656,521993940,현대에이치티,7900,20230412,180700,7900,7900,7900,7900,0,482831420
60,2,0.77,7840,66656,521993940,현대에이치티,7900,20230412,180800,7900,7900,7900,7900,0,482831420
60,2,0.77,7840,66656,521993940,현대에이치티,7900,20230412,180900,7900,7900,7900,7900,0,482831420
60,2,0.77,7840,66656,521993940,현대에이치티,7900,20230412,181000,7900,7900,7900,7900,0,482831420
60,2,0.77,7840,66656,521993940,현대에이치티,7900,20230412,181100,7900,7900,7900,7900,0,482831420
60,2,0.77,7840,66656,521993940,현대에이치티,7900,20230412,181200,7900,7900,7900,7900,0,482831420
60,2,0.77,7840,66656,521993940,현대에이치티,7900,20230412,181300,7900,7900,7900,7900,0,482831420
60,2,0.77,7840,66656,521993940,현대에이치티,7900,20230412,181400,7900,7900,7900,7900,0,482831420
60,2,0.77,7840,66656,521993940,현대에이치티,7900,20230412,181500,7900,7900,7900,7900,0,482831420
60,2,0.77,7840,66656,521993940,현대에이치티,7900,20230412,181600,7900,7900,7900,7900,0,482831420
60,2,0.77,7840,66656,521993940,현대에이치티,7900,20230412,181700,7900,7900,7900,7900,0,482831420
60,2,0.77,7840,66656,521993940,현대에이치티,7900,20230412,181800,7900,7900,7900,7900,0,482831420
60,2,0.77,7840,66656,521993940,현대에이치티,7900,20230412,181900,7900,7900,7900,7900,0,482831420
60,2,0.77,7840,66656,521993940,현대에이치티,7900,20230412,182000,7900,7900,7900,7900,0,482831420
60,2,0.77,7840,66656,521993940,현대에이치티,7900,20230412,182100,7900,7900,7900,7900,0,482831420
60,2,0.77,7840,66656,521993940,현대에이치티,7900,20230412,182200,7900,7900,7900,7900,0,482831420
60,2,0.77,7840,66656,521993940,현대에이치티,7900,20230412,182300,7900,7900,7900,7900,0,482831420
60,2,0.77,7840,66656,521993940,현대에이치티,7900,20230412,182400,7900,7900,7900,7900,0,482831420
60,2,0.77,7840,66656,521993940,현대에이치티,7900,20230412,182500,7900,7900,7900,7900,0,482831420
60,2,0.77,7840,66656,521993940,현대에이치티,7900,20230412,182600,7900,7900,7900,7900,0,482831420
60,2,0.77,7840,66656,521993940,현대에이치티,7900,20230412,182700,7900,7900,7900,7900,0,482831420
60,2,0.77,7840,66656,521993940,현대에이치티,7900,20230412,182800,7900,7900,7900,7900,0,482831420
60,2,0.77,7840,66656,521993940,현대에이치티,7900,20230412,182900,7900,7900,7900,7900,3447,482831420
5,2,0.16,3155,332947,1048146480,???????????????,3160,20230324,090900,3180,3180,3180,3175,1789,112878120,FALSE,950220
