corp_code,corp_name,stock_code,report_nm,rcept_no,rcept_dt,time,호재성
799070,이스트아시아홀딩스,900110,사업보고서 (2022.12),2.02304E+13,20230428,11:41,TRUE
1160512,헝셩그룹,900270,사업보고서 (2022.12),2.02304E+13,20230428,10:52,FALSE
1139266,로스웰,900260,사업보고서 (2022.12),2.02304E+13,20230427,16:18,FALSE
1169434,오가닉티코스메틱,900300,사업보고서 (2022.12),2.02304E+13,20230428,15:20,FALSE
1236286,컬러레이,900310,사업보고서 (2022.12),2.02304E+13,20230428,16:00,FALSE
1328639,윙입푸드,900340,사업보고서 (2022.12),2.02304E+13,20230412,16:42,FALSE
128546,삼천당제약,250,사업보고서 (2022.12),2.02303E+13,20230321,15:09,TRUE
149770,중앙에너비스,440,사업보고서 (2022.12),2.02303E+13,20230317,16:46,TRUE
135999,신라섬유,1000,사업보고서 (2022.12),2.02303E+13,20230303,17:27,TRUE
139205,안국약품,1540,사업보고서 (2022.12),2.02303E+13,20230322,18:58,TRUE
139205,안국약품,1540,[기재정정]사업보고서 (2021.12),2.02303E+13,20230322,18:58,TRUE
121507,무림SP,1810,사업보고서 (2022.12),2.02303E+13,20230320,17:27,TRUE
145668,이화공영,1840,사업보고서 (2022.12),2.02303E+13,20230320,13:14,TRUE
155638,피에스텍,2230,사업보고서 (2022.12),2.02303E+13,20230321,17:01,TRUE
127936,삼일기업공사,2290,사업보고서 (2022.12),2.02303E+13,20230323,14:49,FALSE
136448,신신제약,2800,사업보고서 (2022.12),2.02303E+13,20230315,15:58,FALSE
112457,대주산업,3310,사업보고서 (2022.12),2.02303E+13,20230320,17:20,FALSE
148364,하림지주,3380,사업보고서 (2022.12),2.02303E+13,20230329,17:52,FALSE
140052,에이스침대,3800,사업보고서 (2022.12),2.02303E+13,20230308,14:49,TRUE
156442,한국가구,4590,사업보고서 (2022.12),2.02303E+13,20230315,11:06,TRUE
123523,창해에탄올,4650,사업보고서 (2022.12),2.02303E+13,20230321,17:05,FALSE
109587,대륙제관,4780,사업보고서 (2022.12),2.02303E+13,20230316,15:42,FALSE
172680,동국산업,5160,사업보고서 (2022.12),2.02303E+13,20230321,16:50,TRUE
118804,동진쎄미켐,5290,사업보고서 (2022.12),2.02303E+13,20230316,16:20,TRUE
165103,푸드웰,5670,사업보고서 (2022.12),2.02303E+13,20230308,15:03,TRUE
162911,한일사료,5860,사업보고서 (2022.12),2.02303E+13,20230308,15:46,FALSE
120924,매일홀딩스,5990,사업보고서 (2022.12),2.02303E+13,20230323,16:43,TRUE
104537,국영지앤엠,6050,사업보고서 (2022.12),2.02303E+13,20230320,16:20,TRUE
155735,피제이전자,6140,사업보고서 (2022.12),2.02303E+13,20230317,18:38,TRUE
111227,대양제지,6580,사업보고서 (2022.12),2.02303E+13,20230322,16:06,FALSE
114686,동구바이오제약,6620,사업보고서 (2022.12),2.02303E+13,20230320,17:07,TRUE
130383,서부T&D,6730,사업보고서 (2022.12),2.02303E+13,20230320,15:32,FALSE
267881,보성파워텍,6910,사업보고서 (2022.12),2.02303E+13,20230323,18:01,FALSE
163318,모헨즈,6920,사업보고서 (2022.12),2.02303E+13,20230316,16:39,TRUE
150536,진양제약,7370,사업보고서 (2022.12),2.02303E+13,20230314,16:57,TRUE
117276,네이처셀,7390,사업보고서 (2022.12),2.02303E+13,20230323,16:21,TRUE
104810,대명소노시즌,7720,사업보고서 (2022.12),2.02303E+13,20230323,15:21,TRUE
137915,에스엠코어,7820,사업보고서 (2022.12),2.02303E+13,20230321,16:38,TRUE
124276,부스타,8470,사업보고서 (2022.12),2.02303E+13,20230317,16:50,TRUE
109310,대동기어,8830,사업보고서 (2022.12),2.02303E+13,20230314,13:15,TRUE
126788,삼아제약,9300,사업보고서 (2022.12),2.02303E+13,20230322,18:59,FALSE
128111,포스코엠텍,9520,[기재정정]사업보고서 (2022.12),2.02303E+13,20230320,17:42,FALSE
128111,포스코엠텍,9520,[기재정정]사업보고서 (2022.12),2.02303E+13,20230317,16:40,FALSE
128111,포스코엠텍,9520,사업보고서 (2022.12),2.02303E+13,20230313,17:24,FALSE
121154,엠에스씨,9780,사업보고서 (2022.12),2.02303E+13,20230323,14:31,FALSE
113261,대한광통신,10170,사업보고서 (2022.12),2.02303E+13,20230316,17:35,TRUE
138303,쌍용정보통신,10280,사업보고서 (2022.12),2.02303E+13,20230321,17:43,FALSE
141671,오리콤,10470,[기재정정]사업보고서 (2022.12),2.02307E+13,20230718,16:10,TRUE
141671,오리콤,10470,사업보고서 (2022.12),2.02303E+13,20230321,18:22,TRUE
101549,경동제약,11040,사업보고서 (2022.12),2.02303E+13,20230322,16:11,FALSE
142713,형지I&C,11080,사업보고서 (2022.12),2.02303E+13,20230323,16:15,FALSE
133876,세보엠이씨,11560,사업보고서 (2022.12),2.02303E+13,20230322,16:27,FALSE
105040,뉴인텍,12340,사업보고서 (2022.12),2.02303E+13,20230317,14:42,TRUE
143907,원일특강,12620,사업보고서 (2022.12),2.02303E+13,20230314,14:45,TRUE
137058,신일제약,12790,사업보고서 (2022.12),2.02303E+13,20230317,16:27,FALSE
137234,모베이스전자,12860,[기재정정]사업보고서 (2022.12),2.02307E+13,20230721,16:34,TRUE
137234,모베이스전자,12860,사업보고서 (2022.12),2.02303E+13,20230329,19:34,TRUE
165060,하이록코리아,13030,[기재정정]사업보고서 (2022.12),2.02303E+13,20230320,17:58,FALSE
165060,하이록코리아,13030,사업보고서 (2022.12),2.02303E+13,20230309,17:24,FALSE
151605,CBI,13720,[기재정정]사업보고서 (2022.12),2.02303E+13,20230315,17:22,FALSE
151605,CBI,13720,사업보고서 (2022.12),2.02303E+13,20230315,17:22,FALSE
136165,스페코,13810,사업보고서 (2022.12),2.02303E+13,20230321,17:44,TRUE
138446,아가방컴퍼니,13990,사업보고서 (2022.12),2.02303E+13,20230323,14:21,TRUE
267854,메디앙스,14100,사업보고서 (2022.12),2.02303E+13,20230321,17:56,TRUE
128175,원익큐브,14190,사업보고서 (2022.12),2.02303E+13,20230320,17:56,FALSE
103015,고려제약,14570,사업보고서 (2022.12),2.02303E+13,20230309,17:38,TRUE
132318,성광벤드,14620,사업보고서 (2022.12),2.02303E+13,20230321,14:43,TRUE
141608,오리엔탈정공,14940,사업보고서 (2022.12),2.02303E+13,20230320,10:59,FALSE
125488,삼륭물산,14970,사업보고서 (2022.12),2.02303E+13,20230321,16:02,TRUE
187725,코콤,15710,사업보고서 (2022.12),2.02303E+13,20230321,17:59,TRUE
132992,성우하이텍,15750,사업보고서 (2022.12),2.02303E+13,20230322,15:59,FALSE
180263,리더스코스메틱,16100,사업보고서 (2022.12),2.02303E+13,20230321,17:42,FALSE
152260,카스,16920,사업보고서 (2022.12),2.02303E+13,20230321,15:09,TRUE
136925,신원종합개발,17000,사업보고서 (2022.12),2.02303E+13,20230317,17:29,FALSE
145914,인터엠,17250,[기재정정]사업보고서 (2022.09),2.02301E+13,20230113,16:25,TRUE
145914,인터엠,17250,사업보고서 (2022.09),2.02301E+13,20230106,09:30,TRUE
128926,삼현철강,17480,사업보고서 (2022.12),2.02303E+13,20230308,14:25,TRUE
133751,세명전기,17510,사업보고서 (2022.12),2.02303E+13,20230314,14:08,FALSE
109781,대림제지,17650,사업보고서 (2022.12),2.02303E+13,20230323,14:11,TRUE
158565,한국알콜,17890,사업보고서 (2022.12),2.02303E+13,20230320,15:21,FALSE
144243,유니슨,18000,사업보고서 (2022.12),2.02303E+13,20230323,17:57,FALSE
170877,진로발효,18120,사업보고서 (2022.12),2.02303E+13,20230317,17:06,FALSE
125646,삼목에스폼,18310,사업보고서 (2022.12),2.02303E+13,20230322,15:49,TRUE
103547,우진비앤지,18620,사업보고서 (2022.12),2.02303E+13,20230321,15:59,TRUE
131018,서울제약,18680,사업보고서 (2022.12),2.02303E+13,20230322,16:27,TRUE
267906,베뉴지,19010,사업보고서 (2022.12),2.02303E+13,20230321,17:57,TRUE
146560,일지테크,19540,사업보고서 (2022.12),2.02303E+13,20230316,15:52,TRUE
159731,글로본,19660,사업보고서 (2022.12),2.02303E+13,20230321,16:32,TRUE
153278,서연탑메탈,19770,[기재정정]사업보고서 (2022.12),2.02303E+13,20230331,10:16,FALSE
153278,서연탑메탈,19770,사업보고서 (2022.12),2.02303E+13,20230315,16:20,FALSE
169215,에너토크,19990,사업보고서 (2022.12),2.02303E+13,20230316,18:07,FALSE
170026,시공테크,20710,사업보고서 (2022.12),2.02303E+13,20230321,15:54,FALSE
166175,대호특수강,21040,사업보고서 (2022.12),2.02303E+13,20230321,10:05,FALSE
161462,에이티넘인베스트,21080,사업보고서 (2022.12),2.02303E+13,20230314,17:07,FALSE
105466,KCC건설,21320,사업보고서 (2022.12),2.02303E+13,20230316,17:09,TRUE
160010,한국큐빅,21650,사업보고서 (2022.12),2.02303E+13,20230321,09:30,TRUE
140061,TKG애강,22220,사업보고서 (2022.12),2.02303E+13,20230320,16:54,FALSE
148531,제이스코홀딩스,23440,사업보고서 (2022.12),2.02303E+13,20230321,17:29,TRUE
149266,CNH,23460,사업보고서 (2022.12),2.02303E+13,20230324,08:56,TRUE
125938,삼보판지,23600,[기재정정]사업보고서 (2022.12),2.02307E+13,20230711,14:13,TRUE
125938,삼보판지,23600,사업보고서 (2022.12),2.02303E+13,20230321,11:25,TRUE
138367,플레이위드,23770,사업보고서 (2022.12),2.02303E+13,20230321,15:46,FALSE
155452,풍국주정,23900,사업보고서 (2022.12),2.02303E+13,20230321,17:16,TRUE
113128,대한약품,23910,사업보고서 (2022.12),2.02303E+13,20230317,16:53,FALSE
167004,흥구석유,24060,사업보고서 (2022.12),2.02303E+13,20230316,14:09,TRUE
157539,KB오토시스,24120,사업보고서 (2022.12),2.02303E+13,20230322,15:58,TRUE
162832,한일단조,24740,사업보고서 (2022.12),2.02303E+13,20230321,13:45,TRUE
173999,유성티엔에스,24800,[기재정정]사업보고서 (2022.12),2.02307E+13,20230712,16:17,TRUE
173999,유성티엔에스,24800,사업보고서 (2022.12),2.02303E+13,20230321,17:52,TRUE
173999,유성티엔에스,24800,[기재정정]사업보고서 (2021.12),2.02303E+13,20230317,17:09,TRUE
173999,유성티엔에스,24800,[기재정정]사업보고서 (2020.12),2.02303E+13,20230317,17:09,FALSE
173999,유성티엔에스,24800,[기재정정]사업보고서 (2019.12),2.02303E+13,20230315,16:36,FALSE
173999,유성티엔에스,24800,[기재정정]사업보고서 (2018.12),2.02303E+13,20230315,16:36,TRUE
145738,이화전기,24810,사업보고서 (2022.12),2.02303E+13,20230323,17:12,FALSE
173591,세원물산,24830,사업보고서 (2022.12),2.02303E+13,20230322,15:41,FALSE
158024,KBI메탈,24840,사업보고서 (2022.12),2.02303E+13,20230322,15:38,TRUE
157636,케이피에프,24880,사업보고서 (2022.12),2.02303E+13,20230321,18:05,TRUE
102353,경창산업,24910,사업보고서 (2022.12),2.02303E+13,20230322,15:15,TRUE
133557,PN풍년,24940,사업보고서 (2022.12),2.02303E+13,20230317,16:28,TRUE
128607,삼천리자전거,24950,사업보고서 (2022.12),2.02303E+13,20230309,10:35,TRUE
203023,시노펙스,25320,사업보고서 (2022.12),2.02303E+13,20230317,17:22,TRUE
158015,한국선재,25550,사업보고서 (2022.12),2.02303E+13,20230316,18:16,TRUE
159342,한국정보통신,25770,사업보고서 (2022.12),2.02303E+13,20230316,13:52,FALSE
136004,신라에스지,25870,사업보고서 (2022.12),2.02303E+13,20230315,16:30,FALSE
101752,케이씨피드,25880,사업보고서 (2022.12),2.02303E+13,20230313,16:46,FALSE
116408,동신건설,25950,사업보고서 (2022.12),2.02303E+13,20230317,17:07,TRUE
161781,아난티,25980,사업보고서 (2022.12),2.02303E+13,20230321,15:21,TRUE
120289,제이에스티나,26040,사업보고서 (2022.12),2.02303E+13,20230321,14:11,FALSE
186939,특수건설,26150,[기재정정]사업보고서 (2022.12),2.02303E+13,20230324,16:29,TRUE
186939,특수건설,26150,사업보고서 (2022.12),2.02303E+13,20230324,16:29,TRUE
104120,광진실업,26910,사업보고서 (2022.12),2.02303E+13,20230317,17:03,TRUE
1210190,모비릭스,348030,사업보고서 (2022.12),2.02303E+13,20230315,16:41,FALSE
1399071,고바이오랩,348150,사업보고서 (2022.12),2.02303E+13,20230321,17:07,FALSE
1080252,넥스틴,348210,사업보고서 (2022.12),2.02303E+13,20230317,14:24,FALSE
1336461,뉴로메카,348340,사업보고서 (2022.12),2.02303E+13,20230322,15:54,FALSE
1011526,엔켐,348370,사업보고서 (2022.12),2.02303E+13,20230323,20:02,FALSE
1440153,에스에이티이엔지,351320,사업보고서 (2022.12),2.02303E+13,20230317,15:47,TRUE
1135640,이삭엔지니어링,351330,사업보고서 (2022.12),2.02303E+13,20230321,09:51,FALSE
1226410,씨앤씨인터내셔널,352480,사업보고서 (2022.12),2.02303E+13,20230323,18:11,FALSE
494546,오비고,352910,[기재정정]사업보고서 (2022.12),2.02303E+13,20230330,14:16,FALSE
494546,오비고,352910,사업보고서 (2022.12),2.02303E+13,20230322,15:26,FALSE
367871,인바이오,352940,사업보고서 (2022.12),2.02303E+13,20230322,14:23,FALSE
1084294,오토앤,353590,사업보고서 (2022.12),2.02303E+13,20230322,14:07,TRUE
1480568,이지바이오,353810,사업보고서 (2022.12),2.02303E+13,20230323,16:57,TRUE
1397903,엔젠바이오,354200,사업보고서 (2022.12),2.02303E+13,20230323,16:27,TRUE
920379,티엘비,356860,사업보고서 (2022.12),2.02303E+13,20230320,16:20,TRUE
1293953,싸이버원,356890,사업보고서 (2022.12),2.02303E+13,20230323,15:32,TRUE
1068737,에이치피오,357230,사업보고서 (2022.12),2.02303E+13,20230321,18:33,FALSE
921916,석경에이티,357550,사업보고서 (2022.12),2.02303E+13,20230323,18:42,TRUE
1012987,아모센스,357580,사업보고서 (2022.12),2.02303E+13,20230315,16:14,FALSE
1489648,솔브레인,357780,사업보고서 (2022.12),2.02303E+13,20230321,17:54,TRUE
1360875,탑머티리얼,360070,사업보고서 (2022.12),2.02303E+13,20230322,14:36,FALSE
1014718,제노코,361390,사업보고서 (2022.12),2.02303E+13,20230316,17:35,FALSE
1303029,알비더블유,361570,사업보고서 (2022.12),2.02303E+13,20230323,16:05,TRUE
405506,삼영에스앤씨,361670,사업보고서 (2022.12),2.02303E+13,20230309,16:50,FALSE
1534577,청담글로벌,362320,[기재정정]사업보고서 (2022.12),2.02307E+13,20230714,14:43,TRUE
1534577,청담글로벌,362320,사업보고서 (2022.12),2.02303E+13,20230322,17:52,TRUE
1437858,진시스템,363250,[기재정정]사업보고서 (2022.12),2.02303E+13,20230329,17:29,FALSE
1437858,진시스템,363250,[기재정정]사업보고서 (2022.12),2.02303E+13,20230322,15:49,FALSE
1437858,진시스템,363250,[기재정정]사업보고서 (2022.12),2.02303E+13,20230322,15:49,FALSE
1437858,진시스템,363250,사업보고서 (2022.12),2.02303E+13,20230321,18:27,FALSE
1397772,큐라클,365270,사업보고서 (2022.12),2.02303E+13,20230322,17:40,FALSE
1274329,성일하이텍,365340,사업보고서 (2022.12),2.02303E+13,20230323,15:49,TRUE
1354740,브이씨,365900,사업보고서 (2022.12),2.02303E+13,20230321,16:57,FALSE
1307335,공구우먼,366030,[기재정정]사업보고서 (2022.12),2.02303E+13,20230323,16:49,FALSE
1307335,공구우먼,366030,사업보고서 (2022.12),2.02303E+13,20230322,16:44,FALSE
1454341,플래티어,367000,사업보고서 (2022.12),2.02303E+13,20230322,17:09,FALSE
1302853,아이씨에이치,368600,사업보고서 (2022.12),2.02303E+13,20230321,17:59,TRUE
1491607,오에스피,368970,사업보고서 (2022.12),2.02303E+13,20230320,14:34,FALSE
1357446,퓨런티어,370090,사업보고서 (2022.12),2.02303E+13,20230321,08:27,TRUE
417167,풍원정밀,371950,사업보고서 (2022.12),2.02303E+13,20230322,16:10,TRUE
925374,윤성에프앤씨,372170,사업보고서 (2022.12),2.02303E+13,20230323,16:04,FALSE
1429840,아이티아이즈,372800,사업보고서 (2022.12),2.02303E+13,20230321,14:17,FALSE
604028,피코그램,376180,사업보고서 (2022.12),2.02303E+13,20230322,15:50,FALSE
575106,씨유테크,376290,사업보고서 (2022.12),2.02303E+13,20230322,,TRUE
1456011,디어유,376300,사업보고서 (2022.12),2.02303E+13,20230322,15:28,FALSE
1494118,노을,376930,사업보고서 (2022.12),2.02303E+13,20230321,16:21,FALSE
1441611,원티드랩,376980,사업보고서 (2022.12),2.02303E+13,20230322,14:11,FALSE
1409095,맥스트,377030,사업보고서 (2022.12),2.02303E+13,20230315,17:42,TRUE
1217865,프롬바이오,377220,사업보고서 (2022.12),2.02303E+13,20230315,16:27,FALSE
1140837,이지트로닉스,377330,사업보고서 (2022.12),2.02303E+13,20230321,17:27,FALSE
1210066,리파인,377450,사업보고서 (2022.12),2.02303E+13,20230317,10:53,TRUE
1175499,위니아에이드,377460,사업보고서 (2022.12),2.02303E+13,20230323,15:17,FALSE
1387164,샤페론,378800,사업보고서 (2022.12),2.02303E+13,20230321,17:37,FALSE
1459212,원준,382840,사업보고서 (2022.12),2.02303E+13,20230322,16:27,TRUE
1435489,범한퓨얼셀,382900,사업보고서 (2022.12),2.02303E+13,20230321,17:17,FALSE
1566248,에코프로에이치엔,383310,사업보고서 (2022.12),2.02303E+13,20230321,17:33,TRUE
1437432,디티앤씨알오,383930,사업보고서 (2022.12),2.02303E+13,20230322,13:40,TRUE
1462605,지투파워,388050,사업보고서 (2022.12),2.02303E+13,20230321,15:17,TRUE
1152586,유일로보틱스,388720,사업보고서 (2022.12),2.02303E+13,20230322,16:40,TRUE
1494154,지니너스,389030,[기재정정]사업보고서 (2022.12),2.02303E+13,20230328,16:45,FALSE
1494154,지니너스,389030,사업보고서 (2022.12),2.02303E+13,20230322,17:53,FALSE
1513699,포바이포,389140,사업보고서 (2022.12),2.02303E+13,20230322,17:34,TRUE
1150515,대명에너지,389260,[기재정정]사업보고서 (2022.12),2.02307E+13,20230720,16:39,TRUE
1150515,대명에너지,389260,사업보고서 (2022.12),2.02303E+13,20230323,17:36,TRUE
1516456,인벤티지랩,389470,사업보고서 (2022.12),2.02303E+13,20230322,17:19,FALSE
567897,에스비비테크,389500,[기재정정]사업보고서 (2022.12),2.02305E+13,20230515,14:28,TRUE
567897,에스비비테크,389500,사업보고서 (2022.12),2.02303E+13,20230324,07:47,TRUE
1291317,더블유씨피,393890,사업보고서 (2022.12),2.02303E+13,20230320,17:20,TRUE
1571107,오픈엣지테크놀로지,394280,사업보고서 (2022.12),2.02303E+13,20230323,16:27,FALSE
1515864,넥스트칩,396270,사업보고서 (2022.12),2.02303E+13,20230321,16:27,FALSE
534701,세아메카닉스,396300,사업보고서 (2022.12),2.02303E+13,20230321,14:19,FALSE
1375822,에이프릴바이오,397030,사업보고서 (2022.12),2.02303E+13,20230317,16:15,TRUE
1364747,가온칩스,399720,사업보고서 (2022.12),2.02303E+13,20230321,17:20,TRUE
601988,코난테크놀로지,402030,사업보고서 (2022.12),2.02303E+13,20230323,13:06,FALSE
1575839,플라즈맵,405000,사업보고서 (2022.12),2.02303E+13,20230323,16:03,FALSE
1033591,큐알티,405100,사업보고서 (2022.12),2.02303E+13,20230323,15:38,FALSE
1593242,하나금융21호스팩,406760,[기재정정]사업보고서 (2022.12),2.02303E+13,20230331,10:19,TRUE
1593242,하나금융21호스팩,406760,사업보고서 (2022.12),2.02302E+13,20230227,17:53,TRUE
1573381,레이저쎌,412350,사업보고서 (2022.12),2.02303E+13,20230322,14:58,TRUE
1584934,핑거스토리,417180,사업보고서 (2022.12),2.02303E+13,20230316,16:52,FALSE
1367586,제이아이테크,417500,[기재정정]사업보고서 (2022.12),2.02303E+13,20230327,,FALSE
1383229,저스템,417840,사업보고서 (2022.12),2.02303E+13,20230323,17:49,FALSE
657783,모델솔루션,417970,사업보고서 (2022.12),2.02303E+13,20230317,11:02,FALSE
1613281,하나금융22호스팩,418170,사업보고서 (2022.12),2.02303E+13,20230302,15:13,TRUE
1587056,엔젯,419080,사업보고서 (2022.12),2.02303E+13,20230317,16:36,FALSE
1516368,산돌,419120,사업보고서 (2022.12),2.02303E+13,20230323,15:04,FALSE
1082418,SAMG엔터,419530,[기재정정]사업보고서 (2022.12),2.02307E+13,20230718,16:49,TRUE
1082418,SAMG엔터,419530,사업보고서 (2022.12),2.02303E+13,20230317,16:41,TRUE
1506848,비스토스,419540,사업보고서 (2022.12),2.02303E+13,20230321,18:03,FALSE
1035368,티에프이,425420,[기재정정]사업보고서 (2022.12),2.02307E+13,20230719,17:09,TRUE
1035368,티에프이,425420,사업보고서 (2022.12),2.02303E+13,20230323,16:09,TRUE
1658266,하나금융24호스팩,430230,사업보고서 (2022.12),2.02303E+13,20230302,15:42,FALSE
1669475,하나금융25호스팩,435620,사업보고서 (2022.12),2.02303E+13,20230302,17:00,TRUE
1686755,파인엠텍,441270,[기재정정]사업보고서 (2022.12),2.02307E+13,20230718,15:40,TRUE
1686755,파인엠텍,441270,[기재정정]사업보고서 (2022.12),2.02303E+13,20230327,16:12,TRUE
1686755,파인엠텍,441270,사업보고서 (2022.12),2.02303E+13,20230317,18:01,TRUE
938688,SBI핀테크솔루션즈,950110,사업보고서 (2023.03),2.02306E+13,20230629,10:21,TRUE
1041828,JTC,950170,사업보고서 (2023.02),2.02305E+13,20230526,16:27,FALSE
956028,엑세스바이오,950130,사업보고서 (2022.12),2.02303E+13,20230320,14:55,TRUE
1165739,잉글우드랩,950140,사업보고서 (2022.12),2.02303E+13,20230315,17:42,TRUE
1245062,코오롱티슈진,950160,사업보고서 (2022.12),2.02303E+13,20230320,16:28,TRUE
1511558,네오이뮨텍,950220,사업보고서 (2022.12),2.02303E+13,20230323,15:53,FALSE
1442115,소마젠,950200,사업보고서 (2022.12),2.02303E+13,20230323,17:33,TRUE
1107665,크리스탈신소재,900250,사업보고서 (2022.12),2.02304E+13,20230418,09:35,TRUE
783246,글로벌에스엠,900070,사업보고서 (2022.12),2.02303E+13,20230331,10:17,TRUE
781202,애머릿지,900100,사업보고서 (2022.12),2.02304E+13,20230420,,TRUE
129615,상보,27580,사업보고서 (2022.12),2.02303E+13,20230321,13:31,TRUE
192499,팜스토리,27710,[기재정정]사업보고서 (2022.12),2.02307E+13,20230731,16:14,TRUE
192499,팜스토리,27710,[기재정정]사업보고서 (2022.12),2.02303E+13,20230331,16:47,TRUE
192499,팜스토리,27710,사업보고서 (2022.12),2.02303E+13,20230323,16:26,TRUE
219440,휴맥스홀딩스,28080,사업보고서 (2022.12),2.02303E+13,20230322,19:17,FALSE
199252,HLB,28300,사업보고서 (2022.12),2.02303E+13,20230322,18:09,FALSE
186452,광무,29480,사업보고서 (2022.12),2.02303E+13,20230321,17:45,FALSE
204262,한글과컴퓨터,30520,사업보고서 (2022.12),2.02303E+13,20230322,14:59,FALSE
216647,원익홀딩스,30530,사업보고서 (2022.12),2.02303E+13,20230322,18:09,TRUE
200910,아이즈비전,31310,[기재정정]사업보고서 (2022.12),2.02303E+13,20230331,16:18,FALSE
200910,아이즈비전,31310,사업보고서 (2022.12),2.02303E+13,20230321,17:44,FALSE
128661,에스에이엠티,31330,사업보고서 (2022.12),2.02303E+13,20230316,15:11,TRUE
175173,오스템,31510,사업보고서 (2022.12),2.02303E+13,20230321,16:22,TRUE
201131,아즈텍WB,32080,사업보고서 (2022.12),2.02303E+13,20230317,17:29,TRUE
238782,다우데이타,32190,사업보고서 (2022.12),2.02303E+13,20230322,17:43,TRUE
187770,한국파마,32300,사업보고서 (2022.12),2.02303E+13,20230323,16:07,TRUE
226352,케이엠더블유,32500,사업보고서 (2022.12),2.02303E+13,20230323,18:07,TRUE
201733,TJ미디어,32540,사업보고서 (2022.12),2.02303E+13,20230314,16:48,FALSE
220057,유비케어,32620,사업보고서 (2022.12),2.02303E+13,20230320,17:29,FALSE
204226,소프트센,32680,사업보고서 (2022.12),2.02303E+13,20230323,16:46,TRUE
231044,우리기술,32820,사업보고서 (2022.12),2.02303E+13,20230321,17:08,TRUE
231707,비트컴퓨터,32850,사업보고서 (2022.12),2.02303E+13,20230320,10:46,FALSE
210980,원익,32940,사업보고서 (2022.12),2.02303E+13,20230323,14:52,TRUE
232089,바이온,32980,[기재정정]사업보고서 (2022.12),2.02304E+13,20230403,15:56,TRUE
232089,바이온,32980,사업보고서 (2022.12),2.02303E+13,20230323,14:07,TRUE
222435,제이엠아이,33050,사업보고서 (2022.12),2.02303E+13,20230320,13:15,FALSE
185356,제룡전기,33100,[기재정정]사업보고서 (2022.12),2.02303E+13,20230331,08:51,TRUE
185356,제룡전기,33100,사업보고서 (2022.12),2.02303E+13,20230320,11:40,TRUE
231442,디지틀조선,33130,사업보고서 (2022.12),2.02303E+13,20230315,16:35,FALSE
121686,엠케이전자,33160,사업보고서 (2022.12),2.02303E+13,20230323,16:19,FALSE
158219,시그네틱스,33170,사업보고서 (2022.12),2.02303E+13,20230317,16:14,TRUE
241209,모아텍,33200,사업보고서 (2023.03),2.02306E+13,20230620,17:20,FALSE
229021,인성정보,33230,사업보고서 (2022.12),2.02303E+13,20230321,17:55,FALSE
143226,엠투엔,33310,사업보고서 (2022.12),2.02303E+13,20230323,14:04,TRUE
223513,제이씨현시스템,33320,사업보고서 (2022.12),2.02303E+13,20230315,15:37,TRUE
205003,좋은사람들,33340,사업보고서 (2022.12),2.02303E+13,20230324,07:30,TRUE
231105,동성화인텍,33500,사업보고서 (2022.12),2.02303E+13,20230331,16:26,TRUE
227333,네패스,33640,사업보고서 (2022.12),2.02303E+13,20230323,11:33,TRUE
276083,스카이문스테크놀로지,33790,사업보고서 (2022.12),2.02303E+13,20230321,17:50,TRUE
171265,파라다이스,34230,사업보고서 (2022.12),2.02303E+13,20230316,16:45,FALSE
231831,조아제약,34940,사업보고서 (2022.12),2.02303E+13,20230317,17:27,FALSE
156956,한국기업평가,34950,사업보고서 (2022.12),2.02303E+13,20230320,15:38,TRUE
244561,그래디언트,35080,사업보고서 (2022.12),2.02303E+13,20230323,15:58,TRUE
356389,프럼파스트,35200,사업보고서 (2022.12),2.02303E+13,20230315,15:34,TRUE
249502,골드앤에스,35290,사업보고서 (2022.12),2.02303E+13,20230323,14:21,FALSE
258421,기산텔레콤,35460,사업보고서 (2022.12),2.02303E+13,20230321,13:50,TRUE
264547,KG이니시스,35600,사업보고서 (2022.12),2.02303E+13,20230315,17:27,TRUE
249982,솔본,35610,[기재정정]사업보고서 (2022.12),2.02307E+13,20230721,09:25,TRUE
249982,솔본,35610,사업보고서 (2022.12),2.02303E+13,20230323,17:42,TRUE
259590,바른손이앤에이,35620,사업보고서 (2022.12),2.02303E+13,20230322,17:19,FALSE
242378,이지홀딩스,35810,[기재정정]사업보고서 (2022.12),2.02303E+13,20230330,17:16,TRUE
242378,이지홀딩스,35810,사업보고서 (2022.12),2.02303E+13,20230323,17:34,TRUE
219848,서희건설,35890,사업보고서 (2022.12),2.02303E+13,20230321,17:04,TRUE
258689,JYP Ent.,35900,사업보고서 (2022.12),2.02303E+13,20230320,16:34,TRUE
138598,아비코전자,36010,사업보고서 (2022.12),2.02303E+13,20230320,16:23,FALSE
260958,케이티알파,36030,[기재정정]사업보고서 (2019.12),2.02305E+13,20230523,17:07,FALSE
260958,케이티알파,36030,[기재정정]사업보고서 (2018.12),2.02305E+13,20230523,17:07,TRUE
260958,케이티알파,36030,사업보고서 (2022.12),2.02303E+13,20230323,15:20,FALSE
258360,위지트,36090,[기재정정]사업보고서 (2019.12),2.02307E+13,20230728,17:14,FALSE
258360,위지트,36090,[기재정정]사업보고서 (2022.12),2.02303E+13,20230330,16:26,TRUE
258360,위지트,36090,사업보고서 (2022.12),2.02303E+13,20230322,17:17,TRUE
260745,SCI평가정보,36120,[기재정정]사업보고서 (2022.12),2.02305E+13,20230511,17:48,TRUE
260745,SCI평가정보,36120,사업보고서 (2022.12),2.02303E+13,20230321,17:20,TRUE
232821,클라우드에어,36170,사업보고서 (2022.12),2.02303E+13,20230316,11:42,FALSE
257149,지더블유바이텍,36180,사업보고서 (2022.12),2.02303E+13,20230322,16:54,TRUE
176516,금화피에스시,36190,사업보고서 (2022.12),2.02303E+13,20230309,17:08,FALSE
260569,유니셈,36200,사업보고서 (2022.12),2.02303E+13,20230313,07:30,FALSE
177320,대성미생물,36480,사업보고서 (2022.12),2.02303E+13,20230315,14:57,FALSE
301246,SFA반도체,36540,사업보고서 (2022.12),2.02303E+13,20230320,15:58,TRUE
141389,영풍정밀,36560,사업보고서 (2022.12),2.02303E+13,20230315,17:45,TRUE
261009,감성코퍼레이션,36620,사업보고서 (2022.12),2.02303E+13,20230321,15:42,FALSE
268002,세종텔레콤,36630,사업보고서 (2022.12),2.02303E+13,20230320,18:35,TRUE
268002,세종텔레콤,36630,[기재정정]사업보고서 (2021.12),2.02303E+13,20230317,16:12,TRUE
268002,세종텔레콤,36630,[기재정정]사업보고서 (2020.12),2.02303E+13,20230317,16:12,FALSE
268002,세종텔레콤,36630,[기재정정]사업보고서 (2019.12),2.02303E+13,20230317,16:12,FALSE
230911,HRS,36640,사업보고서 (2022.12),2.02303E+13,20230321,13:48,TRUE
268118,코맥스,36690,사업보고서 (2022.12),2.02303E+13,20230315,17:53,FALSE
152127,심텍홀딩스,36710,사업보고서 (2022.12),2.02303E+13,20230322,17:36,TRUE
264945,나이스정보통신,36800,사업보고서 (2022.12),2.02303E+13,20230321,10:04,TRUE
223434,에프에스티,36810,사업보고서 (2022.12),2.02303E+13,20230321,16:37,FALSE
247975,솔브레인홀딩스,36830,사업보고서 (2022.12),2.02303E+13,20230321,17:54,TRUE
174208,진성티이씨,36890,[기재정정]사업보고서 (2022.12),2.02303E+13,20230324,17:00,TRUE
174208,진성티이씨,36890,사업보고서 (2022.12),2.02303E+13,20230321,17:42,TRUE
252135,주성엔지니어링,36930,[기재정정]사업보고서 (2022.12),2.02305E+13,20230515,17:13,TRUE
252135,주성엔지니어링,36930,사업보고서 (2022.12),2.02303E+13,20230321,17:07,TRUE
238153,파세코,37070,사업보고서 (2022.12),2.02303E+13,20230322,14:25,TRUE
198192,한국팩키지,37230,사업보고서 (2022.12),2.02303E+13,20230316,16:44,FALSE
265421,인지디스플레,37330,사업보고서 (2022.12),2.02303E+13,20230323,18:42,FALSE
265421,인지디스플레,37330,[기재정정]사업보고서 (2021.12),2.02303E+13,20230323,18:42,FALSE
265421,인지디스플레,37330,[기재정정]사업보고서 (2021.12),2.02303E+13,20230323,18:42,FALSE
261054,EG,37370,[기재정정]사업보고서 (2022.12),2.02303E+13,20230320,17:08,FALSE
261054,EG,37370,[기재정정]사업보고서 (2021.12),2.02303E+13,20230320,17:08,TRUE
261054,EG,37370,사업보고서 (2022.12),2.02303E+13,20230315,17:42,FALSE
155692,우리엔터프라이즈,37400,사업보고서 (2022.12),2.02303E+13,20230322,14:41,FALSE
236863,희림,37440,사업보고서 (2022.12),2.02303E+13,20230315,15:56,TRUE
128315,삼지전자,37460,사업보고서 (2022.12),2.02303E+13,20230316,16:18,FALSE
239596,쎄니트,37760,사업보고서 (2022.12),2.02303E+13,20230320,15:55,FALSE
242712,엘컴텍,37950,사업보고서 (2022.12),2.02303E+13,20230313,17:54,FALSE
148595,제일테크노스,38010,사업보고서 (2022.12),2.02303E+13,20230317,15:12,FALSE
373447,서린바이오,38070,[기재정정]사업보고서 (2022.12),2.02303E+13,20230317,11:48,FALSE
373447,서린바이오,38070,사업보고서 (2022.12),2.02303E+13,20230315,17:16,FALSE
139153,에코플라스틱,38110,[기재정정]사업보고서 (2022.12),2.02303E+13,20230321,17:00,TRUE
139153,에코플라스틱,38110,사업보고서 (2022.12),2.02303E+13,20230320,15:15,TRUE
261373,마크로젠,38290,사업보고서 (2022.12),2.02303E+13,20230323,17:32,TRUE
261355,레드캡투어,38390,사업보고서 (2022.12),2.02303E+13,20230316,17:39,FALSE
240857,바이오스마트,38460,사업보고서 (2022.12),2.02303E+13,20230321,17:59,TRUE
239639,삼표시멘트,38500,사업보고서 (2022.12),2.02303E+13,20230317,16:36,TRUE
306162,상상인,38540,[기재정정]사업보고서 (2022.12),2.02303E+13,20230323,16:36,FALSE
306162,상상인,38540,사업보고서 (2022.12),2.02303E+13,20230321,16:47,FALSE
264228,위즈코프,38620,사업보고서 (2022.12),2.02303E+13,20230321,15:59,FALSE
264635,에스넷,38680,사업보고서 (2022.12),2.02303E+13,20230321,15:16,TRUE
287812,에코바이오,38870,[기재정정]사업보고서 (2022.12),2.02307E+13,20230713,17:22,FALSE
287812,에코바이오,38870,사업보고서 (2022.12),2.02303E+13,20230324,07:44,FALSE
252269,아이에이,38880,사업보고서 (2022.12),2.02303E+13,20230321,17:37,TRUE
264732,파인디지털,38950,사업보고서 (2022.12),2.02303E+13,20230316,15:47,FALSE
255044,현대에이치티,39010,사업보고서 (2022.12),2.02303E+13,20230317,13:28,FALSE
184889,이건홀딩스,39020,사업보고서 (2022.12),2.02303E+13,20230321,17:39,TRUE
246417,이오테크닉스,39030,사업보고서 (2022.12),2.02303E+13,20230321,17:32,FALSE
263654,오스코텍,39200,사업보고서 (2022.12),2.02303E+13,20230317,16:32,FALSE
206039,경남스틸,39240,사업보고서 (2022.12),2.02303E+13,20230306,15:59,FALSE
243757,인포뱅크,39290,사업보고서 (2022.12),2.02303E+13,20230321,17:55,TRUE
263371,한국경제TV,39340,[기재정정]사업보고서 (2022.12),2.02303E+13,20230324,16:22,TRUE
263371,한국경제TV,39340,사업보고서 (2022.12),2.02303E+13,20230316,12:43,TRUE
246620,케이엘넷,39420,사업보고서 (2022.12),2.02303E+13,20230323,17:08,FALSE
268251,다산네트웍스,39560,사업보고서 (2022.12),2.02303E+13,20230323,17:36,TRUE
217743,화성밸브,39610,사업보고서 (2022.12),2.02303E+13,20230317,15:34,FALSE
261957,한국정보공학,39740,사업보고서 (2022.12),2.02303E+13,20230322,15:57,FALSE
141556,오로라,39830,사업보고서 (2022.12),2.02303E+13,20230317,18:24,TRUE
115931,디오,39840,사업보고서 (2022.12),2.02303E+13,20230317,15:30,TRUE
230425,나노엔텍,39860,사업보고서 (2022.12),2.02303E+13,20230323,14:54,FALSE
269889,누리플렉스,40160,사업보고서 (2022.12),2.02303E+13,20230321,17:55,FALSE
200275,YTN,40300,사업보고서 (2022.12),2.02303E+13,20230322,16:28,FALSE
287788,정상제이엘에스,40420,사업보고서 (2022.12),2.02303E+13,20230314,13:48,TRUE
264714,SG&G,40610,[기재정정]사업보고서 (2022.12),2.02305E+13,20230515,17:08,TRUE
264714,SG&G,40610,사업보고서 (2022.12),2.02303E+13,20230322,07:30,TRUE
264714,SG&G,40610,[기재정정]사업보고서 (2021.12),2.02303E+13,20230321,18:43,FALSE
298377,아이씨디,40910,사업보고서 (2022.12),2.02303E+13,20230317,17:26,TRUE
269852,폴라리스오피스,41020,사업보고서 (2022.12),2.02303E+13,20230321,17:30,FALSE
228536,현대에버다임,41440,사업보고서 (2022.12),2.02303E+13,20230320,17:37,FALSE
361169,한국전자인증,41460,사업보고서 (2022.12),2.02303E+13,20230322,15:13,TRUE
269922,인바디,41830,[기재정정]사업보고서 (2022.12),2.02303E+13,20230321,17:29,FALSE
269922,인바디,41830,사업보고서 (2022.12),2.02303E+13,20230315,18:38,FALSE
273439,메디아나,41920,사업보고서 (2022.12),2.02303E+13,20230317,16:37,FALSE
199988,동아화성,41930,사업보고서 (2022.12),2.02303E+13,20230323,13:28,FALSE
187415,코미팜,41960,사업보고서 (2022.12),2.02303E+13,20230315,16:45,TRUE
260879,카페24,42000,사업보고서 (2022.12),2.02303E+13,20230322,18:01,TRUE
206686,케이피엠테크,42040,사업보고서 (2022.12),2.02303E+13,20230323,16:58,FALSE
103644,비츠로테크,42370,사업보고서 (2022.12),2.02303E+13,20230323,18:44,TRUE
266952,네오위즈홀딩스,42420,사업보고서 (2022.12),2.02303E+13,20230321,18:27,TRUE
352499,링네트,42500,사업보고서 (2022.12),2.02303E+13,20230315,15:01,FALSE
255433,라온시큐어,42510,사업보고서 (2022.12),2.02303E+13,20230317,14:29,TRUE
147994,새로닉스,42600,사업보고서 (2022.12),2.02303E+13,20230320,15:12,TRUE
220109,솔고바이오,43100,사업보고서 (2022.12),2.02303E+13,20230321,17:27,TRUE
264255,바텍,43150,사업보고서 (2022.12),2.02303E+13,20230321,15:08,TRUE
266934,파루,43200,사업보고서 (2022.12),2.02303E+13,20230323,14:39,TRUE
317487,티에스넥스젠,43220,[기재정정]사업보고서 (2022.12),2.02307E+13,20230717,16:18,FALSE
317487,티에스넥스젠,43220,사업보고서 (2022.12),2.02303E+13,20230320,13:31,FALSE
203209,에쎈테크,43340,사업보고서 (2022.12),2.02303E+13,20230314,17:21,TRUE
203209,에쎈테크,43340,[기재정정]사업보고서 (2020.12),2.02302E+13,20230228,15:14,FALSE
295547,디지아이,43360,사업보고서 (2022.12),2.02303E+13,20230314,11:19,FALSE
155151,피에이치에이,43370,사업보고서 (2022.12),2.02303E+13,20230321,14:11,FALSE
223762,지니뮤직,43610,사업보고서 (2022.12),2.02303E+13,20230323,14:31,TRUE
256715,국순당,43650,사업보고서 (2022.12),2.02303E+13,20230316,17:16,FALSE
305570,서울리거,43710,사업보고서 (2022.12),2.02303E+13,20230322,18:33,FALSE
418379,자연과환경,43910,사업보고서 (2022.12),2.02303E+13,20230323,14:01,TRUE
291860,조광ILI,44060,[기재정정]사업보고서 (2022.12),2.02303E+13,20230328,16:13,FALSE
291860,조광ILI,44060,사업보고서 (2022.12),2.02303E+13,20230320,16:41,FALSE
111218,KD,44180,사업보고서 (2022.12),2.02303E+13,20230324,07:31,FALSE
145473,이글벳,44960,사업보고서 (2022.12),2.02303E+13,20230321,11:24,TRUE
220969,오공,45060,사업보고서 (2022.12),2.02303E+13,20230320,17:03,FALSE
216762,한양이엔지,45100,사업보고서 (2022.12),2.02303E+13,20230317,17:12,TRUE
350482,성우테크론,45300,사업보고서 (2022.12),2.02303E+13,20230315,16:59,TRUE
355089,토탈소프트,45340,사업보고서 (2022.12),2.02303E+13,20230320,10:41,TRUE
318316,대아티아이,45390,사업보고서 (2022.12),2.02303E+13,20230321,15:09,TRUE
147772,정원엔시스,45510,사업보고서 (2022.12),2.02303E+13,20230316,14:30,FALSE
147772,정원엔시스,45510,[기재정정]사업보고서 (2021.12),2.02301E+13,20230118,10:40,FALSE
147772,정원엔시스,45510,[기재정정]사업보고서 (2020.12),2.02301E+13,20230118,10:40,FALSE
185222,크린앤사이언스,45520,사업보고서 (2022.12),2.02303E+13,20230322,10:07,FALSE
271501,코아시아,45970,사업보고서 (2022.12),2.02303E+13,20230321,17:49,FALSE
295857,코다코,46070,[기재정정]사업보고서 (2022.12),2.02307E+13,20230712,15:18,FALSE
295857,코다코,46070,사업보고서 (2022.12),2.02303E+13,20230323,17:01,FALSE
297989,오르비텍,46120,사업보고서 (2022.12),2.02303E+13,20230320,16:18,FALSE
360036,백금T&A,46310,사업보고서 (2022.12),2.02303E+13,20230323,11:28,TRUE
301112,삼화네트웍스,46390,사업보고서 (2022.12),2.02303E+13,20230323,13:31,FALSE
405278,KG모빌리언스,46440,사업보고서 (2022.12),2.02303E+13,20230315,17:42,TRUE
130763,서울반도체,46890,사업보고서 (2022.12),2.02303E+13,20230322,18:59,TRUE
296005,우리로,46970,사업보고서 (2022.12),2.02303E+13,20230321,16:03,TRUE
348292,한빛소프트,47080,사업보고서 (2022.12),2.02303E+13,20230313,17:31,FALSE
269612,파워로직스,47310,사업보고서 (2022.12),2.02303E+13,20230314,16:58,TRUE
273420,이스트소프트,47560,사업보고서 (2022.12),2.02303E+13,20230321,16:21,FALSE
329093,코데즈컴바인,47770,사업보고서 (2022.12),2.02303E+13,20230321,15:16,FALSE
299464,초록뱀미디어,47820,사업보고서 (2022.12),2.02303E+13,20230322,17:25,TRUE
336817,HLB제약,47920,[기재정정]사업보고서 (2022.12),2.02303E+13,20230323,10:57,FALSE
336817,HLB제약,47920,사업보고서 (2022.12),2.02303E+13,20230322,18:09,FALSE
313649,현대바이오,48410,사업보고서 (2022.12),2.02303E+13,20230320,15:54,TRUE
201742,유라테크,48430,사업보고서 (2022.12),2.02303E+13,20230323,14:28,TRUE
109268,대동스틸,48470,사업보고서 (2022.12),2.02303E+13,20230321,17:12,TRUE
292434,인트론바이오,48530,사업보고서 (2022.12),2.02303E+13,20230320,15:53,TRUE
185046,SM C&C,48550,사업보고서 (2022.12),2.02303E+13,20230321,17:53,TRUE
108649,TPC,48770,사업보고서 (2022.12),2.02303E+13,20230321,17:12,TRUE
108490,엔피케이,48830,사업보고서 (2022.12),2.02303E+13,20230322,15:29,FALSE
226866,인탑스,49070,사업보고서 (2022.12),2.02303E+13,20230322,16:34,FALSE
310156,셀루메드,49180,사업보고서 (2022.12),2.02303E+13,20230322,16:25,FALSE
152783,코메론,49430,사업보고서 (2022.12),2.02303E+13,20230322,14:38,FALSE
351579,SGA,49470,사업보고서 (2022.12),2.02303E+13,20230323,15:59,TRUE
335076,오픈베이스,49480,[기재정정]사업보고서 (2022.12),2.02303E+13,20230327,11:39,TRUE
335076,오픈베이스,49480,사업보고서 (2022.12),2.02303E+13,20230316,16:38,TRUE
256380,유아이엘,49520,사업보고서 (2022.12),2.02303E+13,20230310,07:30,TRUE
261656,잉크테크,49550,사업보고서 (2022.12),2.02303E+13,20230315,16:05,TRUE
147082,재영솔루텍,49630,사업보고서 (2022.12),2.02303E+13,20230316,17:18,TRUE
336297,고려신용정보,49720,[기재정정]사업보고서 (2022.12),2.02304E+13,20230404,17:03,TRUE
336297,고려신용정보,49720,사업보고서 (2022.12),2.02303E+13,20230321,,TRUE
135467,승일,49830,사업보고서 (2022.12),2.02303E+13,20230314,15:57,FALSE
447760,미래컴퍼니,49950,사업보고서 (2022.12),2.02303E+13,20230317,17:45,FALSE
357430,쎌바이오텍,49960,사업보고서 (2022.12),2.02303E+13,20230315,17:29,TRUE
369569,비케이홀딩스,50090,사업보고서 (2022.12),2.02303E+13,20230317,15:48,FALSE
330044,캠시스,50110,사업보고서 (2022.12),2.02303E+13,20230316,17:31,TRUE
175623,ES큐브,50120,사업보고서 (2022.12),2.02303E+13,20230323,19:27,FALSE
340272,에스폴리텍,50760,사업보고서 (2022.12),2.02303E+13,20230321,16:31,TRUE
389110,지어소프트,51160,사업보고서 (2022.12),2.02303E+13,20230321,17:28,TRUE
390365,토비스,51360,[기재정정]사업보고서 (2022.12),2.02307E+13,20230714,15:23,FALSE
390365,토비스,51360,[기재정정]사업보고서 (2022.12),2.02307E+13,20230714,15:23,FALSE
390365,토비스,51360,사업보고서 (2022.12),2.02303E+13,20230320,11:13,FALSE
369170,인터플렉스,51370,사업보고서 (2022.12),2.02303E+13,20230317,17:27,TRUE
297934,피씨디렉트,51380,[기재정정]사업보고서 (2022.12),2.02303E+13,20230331,13:31,TRUE
297934,피씨디렉트,51380,[기재정정]사업보고서 (2022.12),2.02303E+13,20230317,15:07,TRUE
297934,피씨디렉트,51380,사업보고서 (2022.12),2.02303E+13,20230316,14:36,TRUE
296263,YW,51390,사업보고서 (2022.12),2.02303E+13,20230316,16:55,FALSE
297095,나라엠앤디,51490,사업보고서 (2022.12),2.02303E+13,20230323,13:45,TRUE
127954,CJ프레시웨이,51500,사업보고서 (2022.12),2.02303E+13,20230317,16:16,FALSE
296324,큐로홀딩스,51780,사업보고서 (2022.12),2.02303E+13,20230314,17:10,TRUE
273110,에스티큐브,52020,사업보고서 (2022.12),2.02303E+13,20230321,17:09,FALSE
370006,iMBC,52220,사업보고서 (2022.12),2.02303E+13,20230322,17:40,FALSE
347062,현대바이오랜드,52260,사업보고서 (2022.12),2.02303E+13,20230310,17:15,FALSE
349732,코나아이,52400,사업보고서 (2022.12),2.02303E+13,20230315,18:07,FALSE
350048,오성첨단소재,52420,사업보고서 (2022.12),2.02303E+13,20230321,16:55,TRUE
405719,아이크래프트,52460,사업보고서 (2022.12),2.02303E+13,20230317,17:34,FALSE
185505,제일바이오,52670,사업보고서 (2022.12),2.02303E+13,20230321,16:19,TRUE
298447,아모텍,52710,사업보고서 (2022.12),2.02303E+13,20230321,15:41,FALSE
346911,아이톡시,52770,사업보고서 (2022.12),2.02303E+13,20230323,15:35,FALSE
346911,아이톡시,52770,[기재정정]사업보고서 (2021.12),2.02303E+13,20230323,15:35,TRUE
348034,액토즈소프트,52790,사업보고서 (2022.12),2.02303E+13,20230323,18:36,FALSE
276834,KX하이텍,52900,사업보고서 (2022.12),2.02303E+13,20230317,17:18,TRUE
216027,바이넥스,53030,사업보고서 (2022.12),2.02303E+13,20230317,16:51,TRUE
133663,세동,53060,사업보고서 (2022.12),2.02303E+13,20230321,14:38,FALSE
352064,프리엠스,53160,사업보고서 (2022.12),2.02303E+13,20230321,16:54,TRUE
105475,금강철강,53260,사업보고서 (2022.12),2.02303E+13,20230320,16:14,TRUE
202060,구영테크,53270,사업보고서 (2022.12),2.02303E+13,20230320,17:34,TRUE
362858,예스24,53280,사업보고서 (2022.12),2.02303E+13,20230320,15:48,FALSE
363927,NE능률,53290,사업보고서 (2022.12),2.02303E+13,20230323,17:25,FALSE
306454,한국정보인증,53300,사업보고서 (2022.12),2.02303E+13,20230315,17:38,FALSE
353610,이니텍,53350,[기재정정]사업보고서 (2022.12),2.02305E+13,20230515,,FALSE
353610,이니텍,53350,사업보고서 (2022.12),2.02303E+13,20230323,12:55,FALSE
351630,세코닉스,53450,사업보고서 (2022.12),2.02303E+13,20230323,13:44,FALSE
355548,한국테크놀로지,53590,사업보고서 (2022.12),2.02303E+13,20230323,18:04,FALSE
325112,프로텍,53610,사업보고서 (2022.12),2.02303E+13,20230316,17:38,TRUE
351092,삼보모터스,53700,사업보고서 (2022.12),2.02303E+13,20230322,16:22,TRUE
298270,안랩,53800,사업보고서 (2022.12),2.02303E+13,20230317,16:05,FALSE
226547,오상자이엘,53980,사업보고서 (2022.12),2.02303E+13,20230323,17:53,TRUE
303396,한국컴퓨터,54040,사업보고서 (2022.12),2.02303E+13,20230320,15:47,TRUE
176835,농우바이오,54050,사업보고서 (2022.12),2.02303E+13,20230322,16:09,FALSE
239514,삼진엘앤디,54090,사업보고서 (2022.12),2.02303E+13,20230315,18:02,FALSE
356839,메디콕스,54180,사업보고서 (2022.12),2.02303E+13,20230321,15:50,TRUE
206659,이랜텍,54210,사업보고서 (2022.12),2.02303E+13,20230320,15:58,FALSE
201432,비츠로시스,54220,사업보고서 (2022.12),2.02303E+13,20230317,18:36,TRUE
339072,팬스타엔터프라이즈,54300,[기재정정]사업보고서 (2022.12),2.02307E+13,20230714,10:59,TRUE
339072,팬스타엔터프라이즈,54300,사업보고서 (2022.12),2.02303E+13,20230321,15:05,TRUE
357607,케이피티유,54410,사업보고서 (2022.12),2.02303E+13,20230321,17:17,FALSE
423177,텔레칩스,54450,사업보고서 (2022.12),2.02303E+13,20230321,15:20,FALSE
250614,삼영엠텍,54540,사업보고서 (2022.12),2.02303E+13,20230321,16:27,TRUE
356927,에이디칩스,54630,[기재정정]사업보고서 (2022.12),2.02307E+13,20230714,15:06,FALSE
356927,에이디칩스,54630,사업보고서 (2022.12),2.02304E+13,20230407,15:15,FALSE
207375,대한뉴팜,54670,사업보고서 (2022.12),2.02303E+13,20230310,16:22,FALSE
353762,키이스트,54780,사업보고서 (2022.12),2.02303E+13,20230321,16:44,TRUE
359580,아이디스홀딩스,54800,사업보고서 (2022.12),2.02303E+13,20230321,14:45,FALSE
363592,한컴위드,54920,사업보고서 (2022.12),2.02303E+13,20230322,15:05,TRUE
360577,엑사이엔씨,54940,사업보고서 (2022.12),2.02303E+13,20230316,13:45,TRUE
361381,제이브이엠,54950,사업보고서 (2022.12),2.02303E+13,20230316,16:17,FALSE
234227,유진로봇,56080,사업보고서 (2022.12),2.02303E+13,20230321,17:37,TRUE
346610,이노시스,56090,사업보고서 (2022.12),2.02303E+13,20230321,17:18,FALSE
358271,에스에프에이,56190,사업보고서 (2022.12),2.02303E+13,20230321,17:29,FALSE
360674,코위버,56360,[기재정정]사업보고서 (2022.12),2.02307E+13,20230725,16:11,FALSE
360674,코위버,56360,사업보고서 (2022.12),2.02303E+13,20230320,14:33,FALSE
228350,신화인터텍,56700,사업보고서 (2022.12),2.02303E+13,20230321,16:26,TRUE
318662,CNT85,56730,사업보고서 (2022.12),2.02303E+13,20230321,15:49,TRUE
307222,YBM넷,57030,사업보고서 (2022.12),2.02303E+13,20230323,16:23,TRUE
265005,옴니시스템,57540,사업보고서 (2022.12),2.02303E+13,20230320,16:58,FALSE
372688,티사이언티픽,57680,[기재정정]사업보고서 (2022.12),2.02303E+13,20230331,16:53,TRUE
372688,티사이언티픽,57680,사업보고서 (2022.12),2.02303E+13,20230321,17:50,TRUE
270113,멕아이씨에스,58110,사업보고서 (2022.12),2.02303E+13,20230317,18:13,TRUE
208134,KNN,58400,사업보고서 (2022.12),2.02303E+13,20230315,16:50,TRUE
369657,리노공업,58470,사업보고서 (2022.12),2.02303E+13,20230321,11:09,FALSE
353018,파나케이아,58530,사업보고서 (2022.12),2.02303E+13,20230320,16:10,FALSE
220686,에스피지,58610,사업보고서 (2022.12),2.02303E+13,20230320,13:57,FALSE
397058,엠게임,58630,사업보고서 (2022.12),2.02303E+13,20230317,11:39,FALSE
380429,CMG제약,58820,사업보고서 (2022.12),2.02303E+13,20230316,15:48,TRUE
396925,엠로,58970,사업보고서 (2022.12),2.02303E+13,20230323,16:17,TRUE
407285,아이컴포넌트,59100,사업보고서 (2022.12),2.02303E+13,20230315,14:32,TRUE
404288,아진엑스텍,59120,사업보고서 (2022.12),2.02303E+13,20230324,16:11,TRUE
317681,메타바이오메드,59210,사업보고서 (2022.12),2.02303E+13,20230321,18:56,TRUE
375931,인선이엔티,60150,사업보고서 (2022.12),2.02303E+13,20230321,17:18,TRUE
363510,소니드,60230,사업보고서 (2022.12),2.02303E+13,20230323,17:11,TRUE
373571,룽투코리아,60240,사업보고서 (2022.12),2.02303E+13,20230321,16:44,FALSE
351375,뉴보텍,60260,사업보고서 (2022.12),2.02303E+13,20230322,17:42,TRUE
356802,큐렉소,60280,사업보고서 (2022.12),2.02303E+13,20230315,16:19,FALSE
178851,동양에스텍,60380,사업보고서 (2022.12),2.02303E+13,20230321,17:23,TRUE
203847,국일신동,60480,사업보고서 (2022.12),2.02303E+13,20230320,15:38,FALSE
288495,홈센타홀딩스,60560,[기재정정]사업보고서 (2022.12),2.02307E+13,20230713,15:51,FALSE
288495,홈센타홀딩스,60560,사업보고서 (2022.12),2.02303E+13,20230317,15:02,FALSE
364467,드림어스컴퍼니,60570,사업보고서 (2022.12),2.02303E+13,20230322,18:04,TRUE
362292,씨티씨바이오,60590,사업보고서 (2022.12),2.02303E+13,20230323,17:29,TRUE
378628,KH바텍,60720,사업보고서 (2022.12),2.02303E+13,20230323,16:25,TRUE
532129,영림원소프트랩,60850,사업보고서 (2022.12),2.02303E+13,20230320,16:10,FALSE
309831,알에프텍,61040,사업보고서 (2022.12),2.02303E+13,20230321,17:02,TRUE
188973,화일약품,61250,[기재정정]사업보고서 (2022.12),2.02307E+13,20230711,15:44,FALSE
188973,화일약품,61250,사업보고서 (2022.12),2.02303E+13,20230316,16:37,FALSE
261887,티엘아이,62860,[기재정정]사업보고서 (2022.12),2.02303E+13,20230323,13:12,TRUE
261887,티엘아이,62860,사업보고서 (2022.12),2.02303E+13,20230321,18:55,TRUE
403766,피피아이,62970,사업보고서 (2022.12),2.02303E+13,20230316,18:35,FALSE
535746,컴투스홀딩스,63080,사업보고서 (2022.12),2.02303E+13,20230321,17:40,FALSE
410915,서울옥션,63170,사업보고서 (2022.12),2.02303E+13,20230321,16:59,FALSE
367604,SM Life Design,63440,사업보고서 (2022.12),2.02303E+13,20230320,17:10,TRUE
374020,이엘피,63760,사업보고서 (2022.12),2.02303E+13,20230317,16:40,FALSE
385336,홈캐스트,64240,사업보고서 (2022.12),2.02303E+13,20230313,16:43,TRUE
389970,다날,64260,[기재정정]사업보고서 (2022.12),2.02303E+13,20230331,15:21,TRUE
389970,다날,64260,[기재정정]사업보고서 (2022.12),2.02303E+13,20230323,17:55,TRUE
389970,다날,64260,[기재정정]사업보고서 (2022.12),2.02303E+13,20230323,17:55,TRUE
389970,다날,64260,사업보고서 (2022.12),2.02303E+13,20230323,17:55,TRUE
479787,인텍플러스,64290,사업보고서 (2022.12),2.02303E+13,20230320,17:24,FALSE
359076,브리지텍,64480,사업보고서 (2022.12),2.02303E+13,20230321,17:10,TRUE
370255,테크엘,64520,사업보고서 (2022.12),2.02303E+13,20230317,16:54,FALSE
326731,바이오니아,64550,[기재정정]사업보고서 (2022.12),2.02303E+13,20230322,17:03,FALSE
326731,바이오니아,64550,사업보고서 (2022.12),2.02303E+13,20230321,17:15,FALSE
245472,티씨케이,64760,사업보고서 (2022.12),2.02303E+13,20230321,15:40,TRUE
392691,젬백스링크,64800,사업보고서 (2022.12),2.02303E+13,20230317,17:59,FALSE
152437,케이프,64820,[기재정정]사업보고서 (2022.12),2.02303E+13,20230330,11:06,FALSE
152437,케이프,64820,사업보고서 (2022.12),2.02303E+13,20230321,16:40,FALSE
331016,에프앤가이드,64850,사업보고서 (2022.12),2.02303E+13,20230313,16:05,FALSE
258102,지엔코,65060,사업보고서 (2022.12),2.02303E+13,20230321,17:17,TRUE
384717,비엘팜텍,65170,사업보고서 (2022.12),2.02303E+13,20230322,16:54,TRUE
136226,신성델타테크,65350,사업보고서 (2022.12),2.02303E+13,20230320,17:16,FALSE
374738,위세아이텍,65370,사업보고서 (2022.12),2.02303E+13,20230316,15:57,TRUE
120906,에스아이리소스,65420,사업보고서 (2022.12),2.02303E+13,20230321,17:42,FALSE
390514,이루온,65440,사업보고서 (2022.12),2.02303E+13,20230316,15:29,TRUE
385363,빅텍,65450,사업보고서 (2022.12),2.02303E+13,20230314,14:30,FALSE
398668,휴비츠,65510,[기재정정]사업보고서 (2022.12),2.02303E+13,20230321,13:08,FALSE
398668,휴비츠,65510,사업보고서 (2022.12),2.02303E+13,20230316,18:56,FALSE
250137,와이어블,65530,사업보고서 (2022.12),2.02303E+13,20230324,15:44,FALSE
288343,삼영이엔씨,65570,사업보고서 (2022.12),2.02303E+13,20230321,16:04,TRUE
631837,안트로젠,65660,[기재정정]사업보고서 (2022.12),2.02305E+13,20230526,15:30,FALSE
631837,안트로젠,65660,[기재정정]사업보고서 (2022.12),2.02303E+13,20230303,17:01,FALSE
631837,안트로젠,65660,사업보고서 (2022.12),2.02302E+13,20230228,14:35,FALSE
390903,우주일렉트로,65680,사업보고서 (2022.12),2.02303E+13,20230321,17:17,TRUE
384762,파커스,65690,사업보고서 (2022.12),2.02303E+13,20230313,17:26,TRUE
220622,서호전기,65710,사업보고서 (2022.12),2.02303E+13,20230314,15:33,TRUE
303703,CS,65770,사업보고서 (2022.12),2.02303E+13,20230316,17:49,TRUE
362159,웰크론,65950,사업보고서 (2022.12),2.02303E+13,20230316,17:03,TRUE
221728,하츠,66130,사업보고서 (2022.12),2.02303E+13,20230314,15:59,TRUE
411446,큐에스아이,66310,사업보고서 (2022.12),2.02303E+13,20230313,11:37,FALSE
216434,체리부로,66360,사업보고서 (2022.12),2.02303E+13,20230323,18:47,TRUE
378220,버킷스튜디오,66410,[기재정정]사업보고서 (2022.12),2.02307E+13,20230714,14:43,TRUE
378220,버킷스튜디오,66410,사업보고서 (2022.12),2.02304E+13,20230407,15:52,TRUE
370200,와이오엠,66430,[기재정정]사업보고서 (2022.12),2.02303E+13,20230310,17:56,TRUE
370200,와이오엠,66430,[기재정정]사업보고서 (2022.12),2.02303E+13,20230310,17:56,TRUE
370200,와이오엠,66430,사업보고서 (2022.12),2.02303E+13,20230310,17:56,TRUE
301422,우수AMS,66590,[기재정정]사업보고서 (2022.12),2.02303E+13,20230327,16:24,FALSE
301422,우수AMS,66590,사업보고서 (2022.12),2.02303E+13,20230320,16:43,FALSE
253985,국보디자인,66620,사업보고서 (2022.12),2.02303E+13,20230316,16:40,FALSE
249894,테라젠이텍스,66700,[기재정정]사업보고서 (2022.12),2.02304E+13,20230411,11:35,TRUE
249894,테라젠이텍스,66700,사업보고서 (2022.12),2.02303E+13,20230321,17:41,TRUE
249441,씨씨에스,66790,사업보고서 (2022.12),2.02303E+13,20230320,15:41,FALSE
303192,디에이피,66900,사업보고서 (2022.12),2.02303E+13,20230322,17:13,FALSE
306870,손오공,66910,[기재정정]사업보고서 (2022.12),2.02303E+13,20230321,18:00,TRUE
306870,손오공,66910,사업보고서 (2022.12),2.02303E+13,20230321,18:00,TRUE
397252,조이시티,67000,사업보고서 (2022.12),2.02303E+13,20230317,18:35,FALSE
400060,이씨에스,67010,사업보고서 (2023.03),2.02306E+13,20230608,14:40,FALSE
210740,대화제약,67080,사업보고서 (2022.12),2.02303E+13,20230315,15:23,FALSE
397289,오텍,67170,[기재정정]사업보고서 (2022.12),2.02307E+13,20230717,14:58,FALSE
397289,오텍,67170,사업보고서 (2022.12),2.02303E+13,20230321,18:45,FALSE
110431,JW신약,67290,사업보고서 (2022.12),2.02303E+13,20230321,17:02,FALSE
445054,하나마이크론,67310,사업보고서 (2022.12),2.02303E+13,20230328,07:30,TRUE
407036,선바이오,67370,사업보고서 (2022.12),2.02303E+13,20230321,,TRUE
409681,아스트,67390,사업보고서 (2022.12),2.02303E+13,20230323,17:29,TRUE
146436,엔브이에이치코리아,67570,[기재정정]사업보고서 (2022.12),2.02307E+13,20230731,15:59,FALSE
146436,엔브이에이치코리아,67570,사업보고서 (2022.12),2.02303E+13,20230322,17:54,FALSE
365590,HLB생명과학,67630,사업보고서 (2022.12),2.02303E+13,20230323,17:52,TRUE
238199,로지시스,67730,사업보고서 (2022.12),2.02303E+13,20230321,18:04,FALSE
406727,세진티에스,67770,사업보고서 (2022.12),2.02303E+13,20230317,15:38,TRUE
190756,와이엔텍,67900,사업보고서 (2022.12),2.02303E+13,20230320,17:38,FALSE
364847,이글루,67920,사업보고서 (2022.12),2.02303E+13,20230316,17:16,FALSE
397191,팬엔터테인먼트,68050,사업보고서 (2022.12),2.02303E+13,20230316,11:47,TRUE
523307,다원시스,68240,사업보고서 (2022.12),2.02303E+13,20230321,15:42,FALSE
385415,일신바이오,68330,사업보고서 (2022.12),2.02303E+13,20230323,18:31,FALSE
541349,셀트리온제약,68760,사업보고서 (2022.12),2.02303E+13,20230320,16:00,TRUE
361594,DMS,68790,사업보고서 (2022.12),2.02303E+13,20230315,15:22,FALSE
398808,디지털대성,68930,사업보고서 (2022.12),2.02303E+13,20230321,17:20,FALSE
308896,셀피글로벌,68940,사업보고서 (2022.12),2.02303E+13,20230323,17:10,FALSE
405320,웹젠,69080,사업보고서 (2022.12),2.02303E+13,20230323,12:03,FALSE
410997,누리플랜,69140,사업보고서 (2022.12),2.02303E+13,20230322,17:11,TRUE
400121,유아이디,69330,[기재정정]사업보고서 (2022.12),2.02303E+13,20230331,18:10,FALSE
400121,유아이디,69330,[기재정정]사업보고서 (2022.12),2.02303E+13,20230331,18:10,FALSE
400121,유아이디,69330,사업보고서 (2022.12),2.02303E+13,20230321,13:58,FALSE
415707,엔텔스,69410,사업보고서 (2022.12),2.02303E+13,20230315,17:04,FALSE
426068,아이에스이커머스,69920,사업보고서 (2022.12),2.02303E+13,20230323,17:01,FALSE
683007,엑스큐어,70300,사업보고서 (2022.12),2.02303E+13,20230313,07:30,TRUE
470829,한솔인티큐브,70590,사업보고서 (2022.12),2.02303E+13,20230314,17:56,FALSE
435969,인피니트헬스케어,71200,사업보고서 (2022.12),2.02303E+13,20230323,16:53,TRUE
363486,로체시스템즈,71280,사업보고서 (2022.12),2.02303E+13,20230320,14:16,FALSE
300557,위니아,71460,[기재정정]사업보고서 (2022.12),2.02304E+13,20230413,16:21,FALSE
300557,위니아,71460,사업보고서 (2022.12),2.02303E+13,20230323,17:54,FALSE
384887,에이테크솔루션,71670,사업보고서 (2022.12),2.02303E+13,20230316,17:06,FALSE
302582,캐스텍코리아,71850,사업보고서 (2022.12),2.02303E+13,20230322,13:51,TRUE
415327,중앙백신,72020,[기재정정]사업보고서 (2022.12),2.02303E+13,20230320,15:31,TRUE
415327,중앙백신,72020,사업보고서 (2022.12),2.02303E+13,20230320,15:31,TRUE
359623,우리산업홀딩스,72470,[기재정정]사업보고서 (2022.12),2.02307E+13,20230720,16:54,FALSE
359623,우리산업홀딩스,72470,[기재정정]사업보고서 (2022.12),2.02303E+13,20230324,17:16,FALSE
359623,우리산업홀딩스,72470,사업보고서 (2022.12),2.02303E+13,20230323,18:27,FALSE
408956,제넨바이오,72520,[기재정정]사업보고서 (2022.12),2.02307E+13,20230714,13:52,FALSE
408956,제넨바이오,72520,사업보고서 (2022.12),2.02304E+13,20230410,07:30,FALSE
583026,율호,72770,사업보고서 (2022.12),2.02303E+13,20230322,17:14,TRUE
422284,메가스터디,72870,[기재정정]사업보고서 (2022.12),2.02304E+13,20230403,15:53,TRUE
422284,메가스터디,72870,사업보고서 (2022.12),2.02303E+13,20230323,18:16,TRUE
359261,빛샘전자,72950,사업보고서 (2022.12),2.02303E+13,20230321,15:05,FALSE
527464,에이치시티,72990,사업보고서 (2022.12),2.02303E+13,20230320,16:23,FALSE
328191,케이에스피,73010,사업보고서 (2022.12),2.02303E+13,20230316,11:43,TRUE
494218,엘엠에스,73110,사업보고서 (2022.12),2.02303E+13,20230323,17:26,FALSE
407771,듀오백,73190,사업보고서 (2022.12),2.02303E+13,20230314,17:18,TRUE
462121,이노와이어리스,73490,사업보고서 (2022.12),2.02303E+13,20230323,17:55,TRUE
442561,에프알텍,73540,사업보고서 (2022.12),2.02303E+13,20230323,16:41,TRUE
413417,우리손에프앤지,73560,사업보고서 (2022.12),2.02303E+13,20230320,15:53,TRUE
373021,테라사이언스,73640,사업보고서 (2022.12),2.02303E+13,20230323,15:47,TRUE
466428,아미노로직스,74430,사업보고서 (2022.12),2.02303E+13,20230321,18:09,TRUE
468374,원익QnC,74600,사업보고서 (2022.12),2.02303E+13,20230321,17:23,TRUE
490179,플랜티넷,75130,사업보고서 (2022.12),2.02303E+13,20230315,17:58,TRUE
472890,동국알앤에스,75970,사업보고서 (2022.12),2.02303E+13,20230314,17:22,FALSE
487546,웰크론한텍,76080,사업보고서 (2022.12),2.02303E+13,20230315,17:55,TRUE
483735,해성옵틱스,76610,[기재정정]사업보고서 (2022.12),2.02307E+13,20230712,16:49,FALSE
483735,해성옵틱스,76610,사업보고서 (2022.12),2.02303E+13,20230324,07:42,FALSE
471068,덕산하이메탈,77360,사업보고서 (2022.12),2.02303E+13,20230322,18:30,TRUE
411385,유비쿼스홀딩스,78070,사업보고서 (2022.12),2.02303E+13,20230321,16:31,FALSE
104573,국일제지,78130,[기재정정]사업보고서 (2022.12),2.02307E+13,20230714,14:02,TRUE
104573,국일제지,78130,[기재정정]사업보고서 (2022.12),2.02303E+13,20230329,15:48,TRUE
104573,국일제지,78130,사업보고서 (2022.12),2.02303E+13,20230321,18:06,TRUE
442826,대봉엘에스,78140,사업보고서 (2022.12),2.02303E+13,20230321,18:07,FALSE
255275,HB테크놀러지,78150,사업보고서 (2022.12),2.02303E+13,20230320,16:36,FALSE
453929,메디포스트,78160,사업보고서 (2022.12),2.02303E+13,20230315,17:57,TRUE
476498,컴투스,78340,사업보고서 (2022.12),2.02303E+13,20230322,17:25,FALSE
488989,한양디지텍,78350,사업보고서 (2022.12),2.02303E+13,20230320,16:40,TRUE
177816,대주전자재료,78600,사업보고서 (2022.12),2.02303E+13,20230320,17:35,FALSE
543204,아이오케이,78860,사업보고서 (2022.12),2.02303E+13,20230323,,TRUE
455875,와토스코리아,79000,사업보고서 (2022.12),2.02303E+13,20230314,14:49,FALSE
479705,케스피온,79190,사업보고서 (2022.12),2.02303E+13,20230317,17:33,FALSE
442570,제우스,79370,사업보고서 (2022.12),2.02303E+13,20230323,16:05,FALSE
130408,서산,79650,사업보고서 (2022.12),2.02303E+13,20230317,11:35,TRUE
445160,디이엔티,79810,사업보고서 (2022.12),2.02303E+13,20230321,15:55,FALSE
506294,가비아,79940,사업보고서 (2022.12),2.02303E+13,20230322,15:03,FALSE
409371,인베니아,79950,사업보고서 (2022.12),2.02303E+13,20230321,18:22,TRUE
178790,동양이엔피,79960,사업보고서 (2022.12),2.02303E+13,20230317,16:36,FALSE
596260,투비소프트,79970,[기재정정]사업보고서 (2022.12),2.02303E+13,20230321,15:41,FALSE
596260,투비소프트,79970,사업보고서 (2022.12),2.02303E+13,20230321,15:41,FALSE
454399,이상네트웍스,80010,사업보고서 (2022.12),2.02303E+13,20230320,16:01,FALSE
456218,모두투어,80160,사업보고서 (2022.12),2.02303E+13,20230323,13:54,TRUE
447487,제주반도체,80220,[기재정정]사업보고서 (2022.12),2.02303E+13,20230329,17:19,FALSE
447487,제주반도체,80220,사업보고서 (2022.12),2.02303E+13,20230321,14:49,FALSE
480048,모다이노칩,80420,사업보고서 (2022.12),2.02303E+13,20230317,16:20,TRUE
529815,오디텍,80520,사업보고서 (2022.12),2.02303E+13,20230316,18:13,FALSE
308559,코디,80530,사업보고서 (2022.12),2.02303E+13,20230321,17:49,FALSE
543107,오킨스전자,80580,사업보고서 (2022.12),2.02303E+13,20230321,16:15,FALSE
532855,한국유니온제약,80720,[기재정정]사업보고서 (2022.12),2.02307E+13,20230719,15:36,TRUE
532855,한국유니온제약,80720,사업보고서 (2022.12),2.02303E+13,20230323,16:29,TRUE
497631,티플랙스,81150,[기재정정]사업보고서 (2022.12),2.02303E+13,20230331,12:06,FALSE
497631,티플랙스,81150,사업보고서 (2022.12),2.02303E+13,20230323,11:36,FALSE
327396,옵트론텍,82210,사업보고서 (2022.12),2.02303E+13,20230322,20:06,TRUE
492894,젬백스,82270,사업보고서 (2022.12),2.02303E+13,20230322,17:49,TRUE
533191,비보존 제약,82800,[기재정정]사업보고서 (2022.12),2.02307E+13,20230728,09:27,TRUE
533191,비보존 제약,82800,사업보고서 (2022.12),2.02303E+13,20230328,17:11,TRUE
369107,우리바이오,82850,사업보고서 (2022.12),2.02303E+13,20230322,14:22,FALSE
154718,비츠로셀,82920,사업보고서 (2022.12),2.02303E+13,20230320,18:03,TRUE
484682,엘오티베큠,83310,사업보고서 (2022.12),2.02303E+13,20230321,15:45,FALSE
540863,GST,83450,사업보고서 (2022.12),2.02303E+13,20230320,15:15,FALSE
475718,이엠앤아이,83470,사업보고서 (2022.12),2.02303E+13,20230323,18:00,TRUE
476036,에프엔에스테크,83500,사업보고서 (2022.12),2.02303E+13,20230321,17:24,FALSE
475976,인콘,83640,사업보고서 (2022.12),2.02303E+13,20230317,16:04,TRUE
409788,비에이치아이,83650,사업보고서 (2022.12),2.02303E+13,20230317,16:22,FALSE
406037,CSA 코스믹,83660,사업보고서 (2022.12),2.02303E+13,20230323,17:03,TRUE
442145,아바코,83930,사업보고서 (2022.12),2.02303E+13,20230321,16:54,TRUE
228059,휴온스글로벌,84110,사업보고서 (2022.12),2.02303E+13,20230323,19:01,FALSE
531014,유진테크,84370,사업보고서 (2022.12),2.02303E+13,20230316,17:06,TRUE
531078,유비온,84440,[기재정정]사업보고서 (2022.09),2.02212E+13,20221227,15:23,FALSE
545114,랩지노믹스,84650,사업보고서 (2022.12),2.02303E+13,20230320,17:55,TRUE
438036,팅크웨어,84730,사업보고서 (2022.12),2.02303E+13,20230320,16:01,FALSE
359395,헬릭스미스,84990,[기재정정]사업보고서 (2022.12),2.02307E+13,20230713,16:23,FALSE
359395,헬릭스미스,84990,[기재정정]사업보고서 (2022.12),2.02303E+13,20230331,14:30,FALSE
359395,헬릭스미스,84990,사업보고서 (2022.12),2.02303E+13,20230323,18:23,FALSE
493510,뉴프렉스,85670,[기재정정]사업보고서 (2022.12),2.02307E+13,20230717,17:01,FALSE
493510,뉴프렉스,85670,사업보고서 (2022.12),2.02303E+13,20230321,16:47,FALSE
364254,알티캐스트,85810,사업보고서 (2022.12),2.02303E+13,20230321,17:04,TRUE
447928,네오티스,85910,사업보고서 (2022.12),2.02303E+13,20230315,15:54,FALSE
447502,바이오톡스텍,86040,사업보고서 (2022.12),2.02303E+13,20230321,18:06,FALSE
540447,유니테스트,86390,사업보고서 (2022.12),2.02303E+13,20230317,11:34,FALSE
114808,동국제약,86450,사업보고서 (2022.12),2.02303E+13,20230316,17:34,TRUE
132202,선진뷰티사이언스,86710,사업보고서 (2022.12),2.02303E+13,20230316,16:04,TRUE
560982,바이오솔루션,86820,사업보고서 (2022.12),2.02303E+13,20230321,15:03,TRUE
526872,이수앱지스,86890,사업보고서 (2022.12),2.02303E+13,20230316,17:49,FALSE
580199,메디톡스,86900,사업보고서 (2022.12),2.02303E+13,20230321,16:55,TRUE
445841,MDS테크,86960,사업보고서 (2022.12),2.02303E+13,20230321,17:41,TRUE
415868,펩트론,87010,사업보고서 (2022.12),2.02303E+13,20230317,15:17,TRUE
556615,모바일어플라이언스,87260,사업보고서 (2022.12),2.02303E+13,20230324,16:01,TRUE
495086,픽셀플러스,87600,사업보고서 (2022.12),2.02303E+13,20230320,17:45,TRUE
489243,동아엘텍,88130,사업보고서 (2022.12),2.02303E+13,20230321,16:33,FALSE
409140,이원컴포텍,88290,[기재정정]사업보고서 (2022.12),2.02307E+13,20230711,11:16,TRUE
409140,이원컴포텍,88290,사업보고서 (2022.12),2.02304E+13,20230406,17:25,TRUE
494476,이녹스,88390,사업보고서 (2022.12),2.02303E+13,20230321,16:14,TRUE
228712,동우팜투테이블,88910,사업보고서 (2022.12),2.02303E+13,20230323,13:49,TRUE
371485,켐트로닉스,89010,사업보고서 (2022.12),2.02303E+13,20230317,17:24,TRUE
535676,테크윙,89030,사업보고서 (2022.12),2.02303E+13,20230320,16:53,FALSE
416414,넥스턴바이오,89140,사업보고서 (2022.12),2.02303E+13,20230321,16:13,TRUE
519252,THE E&M,89230,사업보고서 (2022.12),2.02303E+13,20230323,14:10,TRUE
458562,에이티세미콘,89530,사업보고서 (2022.12),2.02303E+13,20230323,18:02,TRUE
486097,나스미디어,89600,사업보고서 (2022.12),2.02303E+13,20230323,13:48,TRUE
592653,유비벨록스,89850,[기재정정]사업보고서 (2022.12),2.02303E+13,20230327,15:39,TRUE
592653,유비벨록스,89850,사업보고서 (2022.12),2.02303E+13,20230321,16:46,TRUE
365934,코세스,89890,사업보고서 (2022.12),2.02303E+13,20230323,12:10,FALSE
181299,상아프론테크,89980,사업보고서 (2022.12),2.02303E+13,20230320,17:57,FALSE
365624,아이윈,90150,사업보고서 (2022.12),2.02303E+13,20230322,16:45,TRUE
536523,로보스타,90360,사업보고서 (2022.12),2.02303E+13,20230316,15:09,FALSE
493185,제이스텍,90470,사업보고서 (2022.12),2.02303E+13,20230322,14:21,TRUE
540429,휴림로봇,90710,[기재정정]사업보고서 (2022.12),2.02307E+13,20230711,16:52,TRUE
540429,휴림로봇,90710,사업보고서 (2022.12),2.02304E+13,20230410,,TRUE
656951,현대이지웰,90850,사업보고서 (2022.12),2.02303E+13,20230315,16:55,TRUE
541163,이엠텍,91120,사업보고서 (2022.12),2.02303E+13,20230314,16:27,FALSE
580667,S&K폴리텍,91340,사업보고서 (2022.12),2.02303E+13,20230316,16:37,FALSE
480783,상신이디피,91580,사업보고서 (2022.12),2.02303E+13,20230320,16:11,TRUE
108001,남화토건,91590,사업보고서 (2022.12),2.02303E+13,20230320,16:38,TRUE
490151,파트론,91700,사업보고서 (2022.12),2.02303E+13,20230314,16:00,FALSE
542074,나노캠텍,91970,[기재정정]사업보고서 (2022.12),2.02303E+13,20230323,17:56,FALSE
542074,나노캠텍,91970,사업보고서 (2022.12),2.02303E+13,20230323,17:56,FALSE
545734,아미코젠,92040,사업보고서 (2022.12),2.02303E+13,20230321,18:04,TRUE
569691,디엔에프,92070,사업보고서 (2022.12),2.02303E+13,20230321,14:20,TRUE
634728,이크레더블,92130,사업보고서 (2022.12),2.02303E+13,20230320,14:54,FALSE
488402,서울바이오시스,92190,[기재정정]사업보고서 (2022.12),2.02307E+13,20230720,10:38,FALSE
488402,서울바이오시스,92190,사업보고서 (2022.12),2.02303E+13,20230322,18:31,FALSE
367455,현우산업,92300,사업보고서 (2022.12),2.02303E+13,20230320,10:53,TRUE
528515,한라IMS,92460,사업보고서 (2022.12),2.02303E+13,20230321,17:10,TRUE
537337,앤씨앤,92600,사업보고서 (2022.12),2.02303E+13,20230321,17:19,FALSE
551920,네오팜,92730,사업보고서 (2022.12),2.02303E+13,20230315,15:47,TRUE
611736,엑시콘,92870,사업보고서 (2022.12),2.02303E+13,20230320,18:46,FALSE
478900,빅솔론,93190,사업보고서 (2022.12),2.02303E+13,20230313,16:10,TRUE
603348,케이아이엔엑스,93320,사업보고서 (2022.12),2.02303E+13,20230322,15:24,TRUE
596677,매커스,93520,사업보고서 (2022.12),2.02303E+13,20230316,15:45,TRUE
445799,서원인텍,93920,사업보고서 (2022.12),2.02303E+13,20230321,14:54,FALSE
695969,동운아나텍,94170,사업보고서 (2022.12),2.02303E+13,20230317,16:16,TRUE
579971,칩스앤미디어,94360,사업보고서 (2022.12),2.02303E+13,20230315,11:24,TRUE
587457,갤럭시아머니트리,94480,사업보고서 (2022.12),2.02303E+13,20230321,18:28,FALSE
485177,일진파워,94820,[기재정정]사업보고서 (2022.12),2.02307E+13,20230725,15:46,TRUE
485177,일진파워,94820,사업보고서 (2022.12),2.02303E+13,20230321,15:39,TRUE
599957,슈프리마에이치큐,94840,사업보고서 (2022.12),2.02303E+13,20230315,16:08,TRUE
599106,네오리진,94860,사업보고서 (2022.12),2.02303E+13,20230322,13:38,TRUE
537832,푸른기술,94940,[기재정정]사업보고서 (2022.12),2.02303E+13,20230329,14:19,FALSE
537832,푸른기술,94940,사업보고서 (2022.12),2.02303E+13,20230321,17:28,FALSE
533508,제이엠티,94970,사업보고서 (2022.12),2.02303E+13,20230317,16:17,TRUE
526951,이엠코리아,95190,사업보고서 (2022.12),2.02303E+13,20230320,12:52,TRUE
526696,웨이브일렉트로,95270,사업보고서 (2022.12),2.02303E+13,20230323,17:39,TRUE
572905,ISC,95340,사업보고서 (2022.12),2.02303E+13,20230323,18:17,FALSE
526836,미래나노텍,95500,사업보고서 (2022.12),2.02303E+13,20230315,15:43,FALSE
628860,네오위즈,95660,사업보고서 (2022.12),2.02303E+13,20230321,18:28,TRUE
545929,제넥신,95700,사업보고서 (2022.12),2.02303E+13,20230320,17:25,TRUE
585538,에스에너지,95910,[기재정정]사업보고서 (2021.12),2.02303E+13,20230324,14:55,FALSE
585538,에스에너지,95910,[기재정정]사업보고서 (2020.12),2.02303E+13,20230324,14:55,TRUE
585538,에스에너지,95910,[기재정정]사업보고서 (2019.12),2.02303E+13,20230324,14:55,FALSE
585538,에스에너지,95910,[기재정정]사업보고서 (2018.12),2.02303E+13,20230324,14:55,TRUE
585538,에스에너지,95910,사업보고서 (2022.12),2.02303E+13,20230322,17:56,FALSE
480756,이트론,96040,사업보고서 (2022.12),2.02303E+13,20230322,16:56,TRUE
525882,크레버스,96240,사업보고서 (2022.12),2.02303E+13,20230322,17:49,FALSE
177870,대창솔루션,96350,사업보고서 (2022.12),2.02303E+13,20230323,15:16,TRUE
788773,씨젠,96530,사업보고서 (2022.12),2.02303E+13,20230316,17:39,FALSE
516246,알에프세미,96610,사업보고서 (2022.12),2.02304E+13,20230407,09:39,FALSE
573269,에스코넥,96630,[기재정정]사업보고서 (2022.12),2.02303E+13,20230327,16:50,FALSE
573269,에스코넥,96630,사업보고서 (2022.12),2.02303E+13,20230322,13:15,FALSE
608839,에이루트,96690,사업보고서 (2022.12),2.02303E+13,20230316,12:12,FALSE
540571,엘디티,96870,사업보고서 (2022.12),2.02303E+13,20230316,16:00,FALSE
536286,윈팩,97800,사업보고서 (2022.12),2.02303E+13,20230314,15:05,TRUE
568188,마이크로컨텍솔,98120,사업보고서 (2022.12),2.02303E+13,20230316,16:27,FALSE
612188,에스티오,98660,사업보고서 (2022.12),2.02303E+13,20230317,13:55,TRUE
550994,아이센스,99190,사업보고서 (2022.12),2.02303E+13,20230322,16:43,FALSE
574611,SDN,99220,사업보고서 (2022.12),2.02303E+13,20230315,17:49,FALSE
449254,쎄트렉아이,99320,사업보고서 (2022.12),2.02303E+13,20230317,16:17,FALSE
642897,브레인즈컴퍼니,99390,사업보고서 (2022.12),2.02303E+13,20230323,14:54,TRUE
526678,동방선기,99410,사업보고서 (2022.12),2.02303E+13,20230321,17:01,TRUE
636656,바이오플러스,99430,사업보고서 (2022.12),2.02303E+13,20230323,15:08,TRUE
627029,ITX-AI,99520,[기재정정]사업보고서 (2022.12),2.02307E+13,20230711,17:02,FALSE
627029,ITX-AI,99520,사업보고서 (2022.12),2.02303E+13,20230330,15:51,FALSE
627029,ITX-AI,99520,[기재정정]사업보고서 (2020.12),2.02303E+13,20230302,16:48,FALSE
490090,이지케어텍,99750,사업보고서 (2023.03),2.02306E+13,20230621,09:40,FALSE
609324,뷰웍스,100120,사업보고서 (2022.12),2.02303E+13,20230321,16:54,FALSE
415594,동국S&C,100130,사업보고서 (2022.12),2.02303E+13,20230315,15:08,FALSE
364740,머큐리,100590,사업보고서 (2022.12),2.02303E+13,20230310,16:23,FALSE
166528,서암기계공업,100660,사업보고서 (2022.12),2.02303E+13,20230315,15:50,TRUE
362201,세운메디칼,100700,사업보고서 (2022.12),2.02303E+13,20230321,17:45,FALSE
618410,상상인인더스트리,101000,[기재정정]사업보고서 (2022.12),2.02307E+13,20230717,16:07,FALSE
618410,상상인인더스트리,101000,사업보고서 (2022.12),2.02303E+13,20230306,17:53,FALSE
580065,월덱스,101160,사업보고서 (2022.12),2.02303E+13,20230322,15:33,FALSE
567222,우림피티에스,101170,사업보고서 (2022.12),2.02303E+13,20230323,15:15,FALSE
520610,씨큐브,101240,사업보고서 (2022.12),2.02303E+13,20230321,15:28,FALSE
641393,엔시트론,101400,사업보고서 (2022.12),2.02303E+13,20230323,14:18,TRUE
411048,에스앤에스텍,101490,사업보고서 (2022.12),2.02303E+13,20230315,15:27,TRUE
527491,하이드로리튬,101670,[기재정정]사업보고서 (2022.12),2.02303E+13,20230329,18:43,TRUE
527491,하이드로리튬,101670,사업보고서 (2022.12),2.02303E+13,20230320,17:30,TRUE
257732,한국정밀기계,101680,사업보고서 (2022.12),2.02303E+13,20230320,11:34,TRUE
643656,위메이드맥스,101730,사업보고서 (2022.12),2.02303E+13,20230323,17:44,FALSE
482426,인화정공,101930,[기재정정]사업보고서 (2022.12),2.02303E+13,20230331,15:51,FALSE
482426,인화정공,101930,사업보고서 (2022.12),2.02303E+13,20230323,13:28,FALSE
591441,어보브반도체,102120,사업보고서 (2022.12),2.02303E+13,20230320,17:40,TRUE
668600,케이옥션,102370,사업보고서 (2022.12),2.02303E+13,20230321,11:33,FALSE
530185,이엔에프테크놀로지,102710,사업보고서 (2022.12),2.02303E+13,20230321,17:58,FALSE
525642,코오롱생명과학,102940,사업보고서 (2022.12),2.02303E+13,20230320,15:33,FALSE
137012,에스앤더블류,103230,사업보고서 (2022.12),2.02303E+13,20230320,11:01,FALSE
442905,대성파인텍,104040,사업보고서 (2022.12),2.02303E+13,20230306,16:20,TRUE
645089,NHN벅스,104200,사업보고서 (2022.12),2.02303E+13,20230320,,TRUE
602136,디와이피엔에프,104460,사업보고서 (2022.12),2.02303E+13,20230321,18:48,TRUE
693554,티케이케미칼,104480,사업보고서 (2022.12),2.02303E+13,20230323,17:13,TRUE
541437,코렌텍,104540,[기재정정]사업보고서 (2022.12),2.02303E+13,20230322,18:49,FALSE
541437,코렌텍,104540,사업보고서 (2022.12),2.02303E+13,20230322,18:49,FALSE
623661,원익머트리얼즈,104830,사업보고서 (2022.12),2.02303E+13,20230321,17:08,TRUE
606664,케이엔더블유,105330,사업보고서 (2022.12),2.02303E+13,20230321,16:01,TRUE
766106,트루윈,105550,사업보고서 (2022.12),2.02303E+13,20230321,15:45,FALSE
533003,디케이락,105740,사업보고서 (2022.12),2.02303E+13,20230320,15:22,TRUE
542898,하이소닉,106080,[기재정정]사업보고서 (2022.12),2.02304E+13,20230405,16:45,TRUE
542898,하이소닉,106080,[기재정정]사업보고서 (2022.12),2.02303E+13,20230314,09:36,TRUE
542898,하이소닉,106080,사업보고서 (2022.12),2.02303E+13,20230314,09:36,TRUE
409964,하이텍팜,106190,사업보고서 (2022.12),2.02303E+13,20230316,,TRUE
755739,파인테크닉스,106240,[기재정정]사업보고서 (2022.12),2.02307E+13,20230721,16:56,TRUE
755739,파인테크닉스,106240,[기재정정]사업보고서 (2022.12),2.02303E+13,20230328,15:15,TRUE
755739,파인테크닉스,106240,사업보고서 (2022.12),2.02303E+13,20230320,15:30,TRUE
536329,노블엠앤비,106520,사업보고서 (2022.12),2.02304E+13,20230407,18:42,TRUE
862880,새빗켐,107600,사업보고서 (2022.12),2.02303E+13,20230317,16:37,FALSE
531917,톱텍,108230,사업보고서 (2022.12),2.02303E+13,20230320,14:43,TRUE
111193,대양전기공업,108380,사업보고서 (2022.12),2.02303E+13,20230321,17:06,TRUE
946030,로보티즈,108490,[기재정정]사업보고서 (2022.12),2.02305E+13,20230515,15:14,TRUE
946030,로보티즈,108490,사업보고서 (2022.12),2.02303E+13,20230320,17:54,TRUE
666064,셀바스AI,108860,사업보고서 (2022.12),2.02303E+13,20230322,11:08,FALSE
660291,옵티시스,109080,사업보고서 (2022.12),2.02303E+13,20230321,17:41,TRUE
552992,진매트릭스,109820,사업보고서 (2022.12),2.02303E+13,20230322,17:02,TRUE
118284,동일금속,109860,사업보고서 (2022.12),2.02303E+13,20230316,,TRUE
632793,전진바이오팜,110020,사업보고서 (2022.12),2.02303E+13,20230321,17:32,FALSE
522007,크리스에프앤씨,110790,사업보고서 (2022.12),2.02303E+13,20230323,16:28,FALSE
576798,디아이티,110990,사업보고서 (2022.12),2.02303E+13,20230321,17:04,TRUE
245694,남화산업,111710,사업보고서 (2022.12),2.02303E+13,20230317,13:16,FALSE
444329,위메이드,112040,[기재정정]사업보고서 (2022.12),2.02304E+13,20230403,15:51,FALSE
444329,위메이드,112040,사업보고서 (2022.12),2.02303E+13,20230328,07:30,FALSE
576789,디젠스,113810,사업보고서 (2022.12),2.02303E+13,20230315,17:43,FALSE
100601,강원에너지,114190,[기재정정]사업보고서 (2022.12),2.02307E+13,20230714,10:25,TRUE
100601,강원에너지,114190,사업보고서 (2022.12),2.02303E+13,20230323,17:42,TRUE
663669,폴라리스우노,114630,사업보고서 (2022.12),2.02303E+13,20230314,17:57,TRUE
625942,한솔아이원스,114810,[기재정정]사업보고서 (2022.12),2.02303E+13,20230331,17:39,FALSE
625942,한솔아이원스,114810,사업보고서 (2022.12),2.02303E+13,20230321,11:56,FALSE
625942,한솔아이원스,114810,[기재정정]사업보고서 (2021.12),2.02303E+13,20230320,18:32,FALSE
625942,한솔아이원스,114810,[기재정정]사업보고서 (2020.12),2.02303E+13,20230320,18:32,FALSE
625942,한솔아이원스,114810,[기재정정]사업보고서 (2019.12),2.02303E+13,20230320,18:32,FALSE
625942,한솔아이원스,114810,[기재정정]사업보고서 (2018.12),2.02303E+13,20230320,18:32,FALSE
625942,한솔아이원스,114810,[기재정정]사업보고서 (2017.12),2.02303E+13,20230320,18:32,TRUE
625942,한솔아이원스,114810,[기재정정]사업보고서 (2016.12),2.02303E+13,20230320,18:32,FALSE
625942,한솔아이원스,114810,[기재정정]사업보고서 (2015.12),2.02303E+13,20230320,18:32,FALSE
692254,아이패밀리에스씨,114840,사업보고서 (2022.12),2.02303E+13,20230323,16:43,FALSE
787057,휴맥스,115160,[기재정정]사업보고서 (2022.12),2.02307E+13,20230714,09:49,FALSE
787057,휴맥스,115160,사업보고서 (2022.12),2.02303E+13,20230322,19:17,FALSE
1042650,큐리언트,115180,사업보고서 (2022.12),2.02303E+13,20230317,15:24,FALSE
491415,인포바인,115310,[기재정정]사업보고서 (2022.12),2.02307E+13,20230712,17:01,FALSE
491415,인포바인,115310,사업보고서 (2022.12),2.02303E+13,20230316,16:17,FALSE
552859,HLB테라퓨틱스,115450,사업보고서 (2022.12),2.02303E+13,20230320,17:34,TRUE
681249,씨유메디칼,115480,[기재정정]사업보고서 (2022.12),2.02307E+13,20230714,15:59,TRUE
681249,씨유메디칼,115480,사업보고서 (2022.12),2.02303E+13,20230317,17:13,TRUE
660033,씨엔플러스,115530,[기재정정]사업보고서 (2022.12),2.02307E+13,20230731,15:33,FALSE
660033,씨엔플러스,115530,사업보고서 (2022.12),2.02303E+13,20230330,14:28,FALSE
405959,스타플렉스,115570,사업보고서 (2022.12),2.02303E+13,20230321,16:38,TRUE
694942,이미지스,115610,사업보고서 (2022.12),2.02303E+13,20230320,15:19,TRUE
605124,알파홀딩스,117670,[기재정정]사업보고서 (2022.12),2.02307E+13,20230720,09:19,TRUE
605124,알파홀딩스,117670,사업보고서 (2022.12),2.02304E+13,20230414,,TRUE
867098,티로보틱스,117730,[기재정정]사업보고서 (2022.12),2.02307E+13,20230714,16:41,TRUE
867098,티로보틱스,117730,사업보고서 (2022.12),2.02303E+13,20230322,17:27,TRUE
876908,모트렉스,118990,사업보고서 (2022.12),2.02303E+13,20230315,10:58,FALSE
188797,포메탈,119500,사업보고서 (2022.12),2.02303E+13,20230321,17:32,TRUE
604426,인터로조,119610,사업보고서 (2022.12),2.02303E+13,20230321,17:27,TRUE
626464,지엔씨에너지,119850,사업보고서 (2022.12),2.02303E+13,20230321,13:22,TRUE
585608,커넥트웨이브,119860,[기재정정]사업보고서 (2022.12),2.02304E+13,20230421,16:48,TRUE
585608,커넥트웨이브,119860,사업보고서 (2022.12),2.02303E+13,20230322,17:43,TRUE
250997,대정화금,120240,사업보고서 (2022.12),2.02303E+13,20230315,11:25,FALSE
674498,골프존뉴딘홀딩스,121440,사업보고서 (2022.12),2.02303E+13,20230323,16:38,TRUE
439965,나노신소재,121600,사업보고서 (2022.12),2.02303E+13,20230317,16:33,FALSE
693651,비덴트,121800,[기재정정]사업보고서 (2022.12),2.02307E+13,20230714,14:25,TRUE
693651,비덴트,121800,사업보고서 (2022.12),2.02304E+13,20230407,17:20,TRUE
807397,코이즈,121850,사업보고서 (2022.12),2.02303E+13,20230320,14:09,FALSE
604815,에스디시스템,121890,[기재정정]사업보고서 (2022.12),2.02307E+13,20230712,14:54,FALSE
604815,에스디시스템,121890,사업보고서 (2022.12),2.02303E+13,20230320,15:59,FALSE
799539,제노레이,122310,사업보고서 (2022.12),2.02303E+13,20230321,15:14,TRUE
799177,삼기,122350,사업보고서 (2022.12),2.02303E+13,20230320,17:39,FALSE
657987,KX,122450,사업보고서 (2022.12),2.02303E+13,20230320,17:48,TRUE
530556,예스티,122640,사업보고서 (2022.12),2.02303E+13,20230322,18:04,FALSE
613318,와이지엔터테인먼트,122870,사업보고서 (2022.12),2.02303E+13,20230316,16:57,FALSE
759294,와이솔,122990,사업보고서 (2022.12),2.02303E+13,20230314,17:14,FALSE
615723,아이윈플러스,123010,사업보고서 (2022.12),2.02303E+13,20230321,17:47,TRUE
259545,엠에스오토텍,123040,사업보고서 (2022.12),2.02303E+13,20230322,14:33,TRUE
624998,제닉,123330,[기재정정]사업보고서 (2022.12),2.02304E+13,20230407,11:59,FALSE
624998,제닉,123330,사업보고서 (2022.12),2.02303E+13,20230317,17:57,FALSE
815767,위메이드플레이,123420,사업보고서 (2022.12),2.02303E+13,20230315,17:41,FALSE
616290,이엠넷,123570,사업보고서 (2022.12),2.02303E+13,20230322,18:07,TRUE
761952,아나패스,123860,사업보고서 (2022.12),2.02303E+13,20230321,15:54,TRUE
620868,아이티센,124500,사업보고서 (2022.12),2.02303E+13,20230331,15:28,TRUE
562245,태웅로직스,124560,사업보고서 (2022.12),2.02303E+13,20230320,16:04,TRUE
611912,아모그린텍,125210,사업보고서 (2022.12),2.02303E+13,20230322,11:51,FALSE
563518,비나텍,126340,사업보고서 (2022.12),2.02303E+13,20230320,17:58,TRUE
642541,디엔에이링크,127120,사업보고서 (2022.12),2.02303E+13,20230330,18:16,TRUE
665676,아시아경제,127710,[기재정정]사업보고서 (2022.12),2.02307E+13,20230717,17:20,FALSE
665676,아시아경제,127710,사업보고서 (2022.12),2.02303E+13,20230323,18:12,FALSE
870481,에코캡,128540,[기재정정]사업보고서 (2022.12),2.02307E+13,20230713,14:28,TRUE
870481,에코캡,128540,사업보고서 (2022.12),2.02303E+13,20230324,12:23,TRUE
829380,피제이메탈,128660,[기재정정]사업보고서 (2022.12),2.02307E+13,20230714,10:46,FALSE
829380,피제이메탈,128660,사업보고서 (2022.12),2.02303E+13,20230317,13:38,FALSE
1207716,앱코,129890,사업보고서 (2022.12),2.02303E+13,20230316,13:21,FALSE
491938,GH신소재,130500,[기재정정]사업보고서 (2022.12),2.02307E+13,20230712,14:57,TRUE
491938,GH신소재,130500,[기재정정]사업보고서 (2022.12),2.02303E+13,20230331,08:24,TRUE
491938,GH신소재,130500,사업보고서 (2022.12),2.02303E+13,20230321,15:53,TRUE
606293,나이스디앤비,130580,사업보고서 (2022.12),2.02303E+13,20230316,16:23,TRUE
831428,옵투스제약,131030,사업보고서 (2022.12),2.02303E+13,20230316,,TRUE
402110,시큐브,131090,[기재정정]사업보고서 (2022.12),2.02307E+13,20230714,15:42,FALSE
402110,시큐브,131090,[기재정정]사업보고서 (2022.12),2.02303E+13,20230329,16:58,FALSE
402110,시큐브,131090,사업보고서 (2022.12),2.02303E+13,20230321,17:52,FALSE
629212,딜리,131180,사업보고서 (2022.12),2.02303E+13,20230308,16:16,TRUE
608316,대한과학,131220,사업보고서 (2022.12),2.02303E+13,20230316,15:58,TRUE
533924,이브이첨단소재,131400,사업보고서 (2022.12),2.02303E+13,20230321,16:53,TRUE
563545,두산테스나,131970,사업보고서 (2022.12),2.02303E+13,20230321,16:32,FALSE
807555,메가엠디,133750,사업보고서 (2022.12),2.02303E+13,20230323,17:38,TRUE
788737,이퓨쳐,134060,사업보고서 (2022.12),2.02303E+13,20230321,16:01,FALSE
608699,탑코미디어,134580,사업보고서 (2022.12),2.02303E+13,20230320,15:47,TRUE
922304,아셈스,136410,사업보고서 (2022.12),2.02303E+13,20230321,15:50,FALSE
857727,하림,136480,사업보고서 (2022.12),2.02303E+13,20230321,18:45,FALSE
763358,스마트솔루션즈,136510,사업보고서 (2022.12),2.02303E+13,20230324,07:30,TRUE
362122,나래나노텍,137080,사업보고서 (2022.12),2.02303E+13,20230321,15:06,TRUE
614593,넥스트아이,137940,사업보고서 (2022.12),2.02304E+13,20230406,17:19,TRUE
664853,제이씨케미칼,137950,사업보고서 (2022.12),2.02303E+13,20230314,17:46,TRUE
577380,신진에스엠,138070,사업보고서 (2022.12),2.02303E+13,20230322,18:11,TRUE
571483,오이솔루션,138080,[기재정정]사업보고서 (2022.12),2.02303E+13,20230330,15:34,FALSE
571483,오이솔루션,138080,사업보고서 (2022.12),2.02303E+13,20230322,15:46,FALSE
808068,협진,138360,[기재정정]사업보고서 (2022.12),2.02303E+13,20230330,14:12,FALSE
808068,협진,138360,사업보고서 (2022.12),2.02303E+13,20230323,14:46,FALSE
1014657,비즈니스온,138580,사업보고서 (2022.12),2.02303E+13,20230323,16:43,TRUE
767628,나이벡,138610,사업보고서 (2022.12),2.02303E+13,20230322,14:50,FALSE
535375,키네마스터,139670,사업보고서 (2022.12),2.02303E+13,20230323,17:59,TRUE
599285,서플러스글로벌,140070,사업보고서 (2022.12),2.02303E+13,20230317,15:25,TRUE
808022,메지온,140410,사업보고서 (2022.12),2.02303E+13,20230323,17:32,TRUE
858124,알에스오토메이션,140670,[기재정정]사업보고서 (2022.12),2.02303E+13,20230324,12:43,TRUE
858124,알에스오토메이션,140670,사업보고서 (2022.12),2.02303E+13,20230323,14:38,TRUE
244747,파크시스템스,140860,사업보고서 (2022.12),2.02303E+13,20230320,17:42,TRUE
610083,비아트론,141000,사업보고서 (2022.12),2.02303E+13,20230321,16:07,FALSE
879020,유니트론텍,142210,사업보고서 (2022.12),2.02303E+13,20230323,16:54,TRUE
513948,녹십자엠에스,142280,사업보고서 (2022.12),2.02303E+13,20230320,16:54,FALSE
569646,영우디에스피,143540,[기재정정]사업보고서 (2022.12),2.02307E+13,20230713,17:33,FALSE
569646,영우디에스피,143540,사업보고서 (2022.12),2.02303E+13,20230320,17:38,FALSE
521390,뉴파워프라즈마,144960,사업보고서 (2022.12),2.02303E+13,20230322,17:48,FALSE
888347,휴젤,145020,[기재정정]사업보고서 (2022.12),2.02303E+13,20230322,16:38,TRUE
888347,휴젤,145020,사업보고서 (2022.12),2.02303E+13,20230322,16:38,TRUE
1301623,비씨엔씨,146320,사업보고서 (2022.12),2.02303E+13,20230321,15:04,TRUE
899556,제룡산업,147830,사업보고서 (2022.12),2.02303E+13,20230320,15:19,FALSE
610490,비디아이,148140,사업보고서 (2022.12),2.02304E+13,20230410,16:37,FALSE
913689,세경하이테크,148150,사업보고서 (2022.12),2.02303E+13,20230323,11:14,TRUE
915508,알엔투테크놀로지,148250,사업보고서 (2022.12),2.02303E+13,20230321,18:09,TRUE
885906,에이치와이티씨,148930,사업보고서 (2022.12),2.02303E+13,20230323,16:52,TRUE
442048,아바텍,149950,사업보고서 (2022.12),2.02303E+13,20230314,16:53,FALSE
977641,하이로닉,149980,사업보고서 (2022.12),2.02303E+13,20230321,15:03,FALSE
661157,인트로메딕,150840,[기재정정]사업보고서 (2020.12),2.02304E+13,20230427,13:39,TRUE
661157,인트로메딕,150840,사업보고서 (2022.12),2.02303E+13,20230323,16:20,FALSE
638487,파수,150900,[기재정정]사업보고서 (2022.12),2.02303E+13,20230324,16:35,TRUE
638487,파수,150900,사업보고서 (2022.12),2.02303E+13,20230316,16:48,TRUE
842585,네이블,153460,[기재정정]사업보고서 (2022.12),2.02303E+13,20230315,16:56,FALSE
842585,네이블,153460,사업보고서 (2022.12),2.02303E+13,20230315,16:56,FALSE
815095,우리이앤엘,153490,사업보고서 (2022.12),2.02303E+13,20230322,13:51,TRUE
971726,옵티팜,153710,사업보고서 (2022.12),2.02303E+13,20230317,15:29,FALSE
870861,와이엠씨,155650,사업보고서 (2022.12),2.02303E+13,20230317,13:20,FALSE
918222,엘앤케이바이오,156100,사업보고서 (2022.12),2.02303E+13,20230316,17:46,TRUE
561732,아스플로,159010,사업보고서 (2022.12),2.02303E+13,20230321,09:58,TRUE
563837,제로투세븐,159580,사업보고서 (2022.12),2.02303E+13,20230316,17:04,FALSE
896753,스킨앤스킨,159910,[기재정정]사업보고서 (2022.12),2.02307E+13,20230714,17:58,TRUE
896753,스킨앤스킨,159910,사업보고서 (2022.12),2.02304E+13,20230407,13:54,TRUE
974927,NEW,160550,사업보고서 (2022.12),2.02303E+13,20230321,17:37,FALSE
818472,이큐셀,160600,사업보고서 (2022.12),2.02303E+13,20230323,17:49,FALSE
659161,싸이맥스,160980,사업보고서 (2022.12),2.02303E+13,20230315,17:42,TRUE
945208,THE MIDONG,161570,[기재정정]사업보고서 (2022.12),2.02303E+13,20230331,17:34,TRUE
945208,THE MIDONG,161570,사업보고서 (2022.12),2.02303E+13,20230330,17:46,TRUE
938721,필옵틱스,161580,사업보고서 (2022.12),2.02303E+13,20230321,18:29,FALSE
1142075,핑거,163730,사업보고서 (2022.12),2.02303E+13,20230320,16:53,FALSE
660750,하나머티리얼즈,166090,사업보고서 (2022.12),2.02303E+13,20230310,17:29,FALSE
989664,코아스템켐온,166480,사업보고서 (2022.12),2.02303E+13,20230323,14:12,FALSE
923792,내츄럴엔도텍,168330,[기재정정]사업보고서 (2022.12),2.02303E+13,20230321,16:43,TRUE
923792,내츄럴엔도텍,168330,[기재정정]사업보고서 (2021.12),2.02303E+13,20230321,16:43,FALSE
923792,내츄럴엔도텍,168330,사업보고서 (2022.12),2.02303E+13,20230320,17:34,TRUE
957373,펨트론,168360,사업보고서 (2022.12),2.02303E+13,20230324,15:44,FALSE
164502,현대공업,170030,사업보고서 (2022.12),2.02303E+13,20230323,09:30,TRUE
492353,파이오링크,170790,사업보고서 (2022.12),2.02303E+13,20230315,16:09,TRUE
654272,램테크놀러지,171010,사업보고서 (2022.12),2.02303E+13,20230321,14:49,FALSE
327819,선익시스템,171090,사업보고서 (2022.12),2.02303E+13,20230317,16:01,TRUE
317104,라이온켐텍,171120,[기재정정]사업보고서 (2022.12),2.02307E+13,20230714,16:38,FALSE
317104,라이온켐텍,171120,사업보고서 (2022.12),2.02303E+13,20230323,13:25,FALSE
867849,오파스넷,173130,사업보고서 (2022.12),2.02303E+13,20230322,09:48,FALSE
925295,에프엔씨엔터,173940,사업보고서 (2022.12),2.02303E+13,20230321,17:33,FALSE
659684,장원테크,174880,[기재정정]사업보고서 (2022.12),2.02307E+13,20230712,13:54,TRUE
659684,장원테크,174880,사업보고서 (2022.12),2.02304E+13,20230407,15:13,TRUE
991191,앱클론,174900,사업보고서 (2022.12),2.02303E+13,20230317,16:10,FALSE
554352,아이큐어,175250,사업보고서 (2022.12),2.02303E+13,20230323,16:20,FALSE
429694,파버나인,177830,사업보고서 (2022.12),2.02303E+13,20230321,15:31,TRUE
838005,서진시스템,178320,사업보고서 (2022.12),2.02303E+13,20230302,17:08,FALSE
531829,엠아이텍,179290,사업보고서 (2022.12),2.02303E+13,20230322,13:55,TRUE
1022902,애드바이오텍,179530,사업보고서 (2022.12),2.02303E+13,20230322,15:42,FALSE
961774,유티아이,179900,사업보고서 (2022.12),2.02303E+13,20230317,16:10,TRUE
861720,이즈미디어,181340,사업보고서 (2022.12),2.02303E+13,20230323,14:06,FALSE
985686,큐브엔터,182360,사업보고서 (2022.12),2.02303E+13,20230322,16:17,FALSE
997812,코미코,183300,사업보고서 (2022.12),2.02303E+13,20230323,16:57,TRUE
606886,엔지켐생명과학,183490,사업보고서 (2022.12),2.02303E+13,20230321,15:35,TRUE
988364,SGA솔루션즈,184230,사업보고서 (2022.12),2.02303E+13,20230322,17:01,TRUE
675594,디티앤씨,187220,사업보고서 (2022.12),2.02303E+13,20230322,17:46,TRUE
925189,신화콘텍,187270,사업보고서 (2022.12),2.02303E+13,20230321,15:34,TRUE
983916,제노포커스,187420,사업보고서 (2022.12),2.02303E+13,20230323,17:46,TRUE
1409022,에이디엠코리아,187660,사업보고서 (2022.12),2.02303E+13,20230320,17:01,TRUE
624509,디바이스이엔지,187870,사업보고서 (2022.12),2.02303E+13,20230321,17:22,FALSE
664181,인텔리안테크,189300,사업보고서 (2022.12),2.02303E+13,20230323,16:30,TRUE
991298,씨이랩,189330,[기재정정]사업보고서 (2022.12),2.02307E+13,20230726,14:45,FALSE
991298,씨이랩,189330,사업보고서 (2022.12),2.02303E+13,20230321,16:17,FALSE
869272,서전기전,189860,사업보고서 (2022.12),2.02303E+13,20230320,11:48,FALSE
916516,흥국에프엔비,189980,사업보고서 (2022.12),2.02303E+13,20230320,13:59,TRUE
819374,나무가,190510,사업보고서 (2022.12),2.02303E+13,20230323,11:48,TRUE
843900,육일씨엔에쓰,191410,[기재정정]사업보고서 (2022.12),2.02305E+13,20230515,16:09,TRUE
843900,육일씨엔에쓰,191410,사업보고서 (2022.12),2.02303E+13,20230316,14:53,TRUE
910840,윈하이텍,192390,사업보고서 (2022.12),2.02303E+13,20230321,15:03,TRUE
623184,휴림네트웍스,192410,사업보고서 (2022.12),2.02303E+13,20230322,15:35,FALSE
917861,슈피겐코리아,192440,[기재정정]사업보고서 (2022.12),2.02304E+13,20230407,14:08,TRUE
917861,슈피겐코리아,192440,사업보고서 (2022.12),2.02303E+13,20230328,14:35,TRUE
1008762,데브시스터즈,194480,사업보고서 (2022.12),2.02303E+13,20230321,16:08,FALSE
811372,노바렉스,194700,사업보고서 (2022.12),2.02303E+13,20230322,16:23,TRUE
770312,마니커에프앤지,195500,사업보고서 (2022.12),2.02303E+13,20230317,16:18,TRUE
620558,에이비프로바이오,195990,사업보고서 (2022.12),2.02303E+13,20230323,17:51,FALSE
989619,알테오젠,196170,[기재정정]사업보고서 (2022.12),2.02303E+13,20230324,17:14,FALSE
989619,알테오젠,196170,사업보고서 (2022.12),2.02303E+13,20230320,17:37,FALSE
808086,애니젠,196300,사업보고서 (2022.12),2.02303E+13,20230317,14:26,FALSE
660121,디에이테크놀로지,196490,[기재정정]사업보고서 (2019.12),2.02306E+13,20230630,18:40,TRUE
660121,디에이테크놀로지,196490,사업보고서 (2022.12),2.02303E+13,20230323,17:31,FALSE
864338,웹스,196700,[기재정정]사업보고서 (2022.12),2.02307E+13,20230712,16:15,FALSE
864338,웹스,196700,[기재정정]사업보고서 (2022.12),2.02303E+13,20230324,08:32,FALSE
864338,웹스,196700,사업보고서 (2022.12),2.02303E+13,20230323,18:19,FALSE
681373,디지캡,197140,사업보고서 (2022.12),2.02303E+13,20230321,17:03,FALSE
547510,툴젠,199800,[기재정정]사업보고서 (2022.12),2.02303E+13,20230331,16:58,TRUE
547510,툴젠,199800,사업보고서 (2022.12),2.02303E+13,20230323,16:07,TRUE
608802,텔콘RF제약,200230,사업보고서 (2022.12),2.02303E+13,20230321,17:48,TRUE
990819,래몽래인,200350,사업보고서 (2022.12),2.02303E+13,20230316,13:44,TRUE
667425,에이팩트,200470,사업보고서 (2022.12),2.02303E+13,20230323,16:11,FALSE
614478,휴메딕스,200670,사업보고서 (2022.12),2.02303E+13,20230322,17:47,TRUE
657002,에이디테크놀로지,200710,사업보고서 (2022.12),2.02303E+13,20230321,17:16,FALSE
256043,비씨월드제약,200780,사업보고서 (2022.12),2.02303E+13,20230322,16:41,TRUE
965813,미투온,201490,사업보고서 (2022.12),2.02303E+13,20230322,17:35,FALSE
977377,에이비온,203400,[기재정정]사업보고서 (2022.12),2.02307E+13,20230720,16:09,FALSE
977377,에이비온,203400,사업보고서 (2022.12),2.02303E+13,20230321,17:16,FALSE
408266,유니온커뮤니티,203450,[기재정정]사업보고서 (2022.12),2.02303E+13,20230322,15:48,FALSE
408266,유니온커뮤니티,203450,사업보고서 (2022.12),2.02303E+13,20230307,17:46,FALSE
671978,그리티,204020,사업보고서 (2022.12),2.02303E+13,20230316,15:32,FALSE
447575,제이앤티씨,204270,사업보고서 (2022.12),2.02303E+13,20230323,18:43,TRUE
609661,티쓰리,204610,사업보고서 (2022.12),2.02303E+13,20230314,16:58,TRUE
1046203,스튜디오산타클로스,204630,사업보고서 (2022.12),2.02304E+13,20230407,18:26,TRUE
1021949,덱스터,206560,사업보고서 (2022.12),2.02303E+13,20230322,17:41,FALSE
927558,유바이오로직스,206650,사업보고서 (2022.12),2.02303E+13,20230321,16:42,TRUE
972293,파멥신,208340,사업보고서 (2022.12),2.02303E+13,20230315,15:47,TRUE
1047451,셀바스헬스케어,208370,사업보고서 (2022.12),2.02303E+13,20230322,10:58,FALSE
1047707,바이오로그디바이스,208710,[기재정정]사업보고서 (2022.12),2.02303E+13,20230322,17:16,TRUE
1047707,바이오로그디바이스,208710,사업보고서 (2022.12),2.02303E+13,20230320,18:59,TRUE
1084364,엔지스테크널러지,208860,사업보고서 (2022.12),2.02304E+13,20230404,16:09,FALSE
1084364,엔지스테크널러지,208860,[기재정정]사업보고서 (2021.12),2.02301E+13,20230131,17:15,FALSE
1013694,인카금융서비스,211050,[기재정정]사업보고서 (2022.12),2.02303E+13,20230324,13:49,FALSE
1013694,인카금융서비스,211050,사업보고서 (2022.12),2.02303E+13,20230322,15:03,FALSE
874803,AP위성,211270,사업보고서 (2022.12),2.02303E+13,20230317,17:05,TRUE
876865,네오오토,212560,사업보고서 (2022.12),2.02303E+13,20230316,17:54,FALSE
1061558,덕산네오룩스,213420,사업보고서 (2022.12),2.02303E+13,20230322,17:42,FALSE
1013311,헥토이노베이션,214180,사업보고서 (2022.12),2.02303E+13,20230323,16:37,TRUE
1058101,라파스,214260,사업보고서 (2022.12),2.02303E+13,20230316,17:05,FALSE
1061497,FSN,214270,사업보고서 (2022.12),2.02303E+13,20230321,11:57,TRUE
549891,케어젠,214370,사업보고서 (2022.12),2.02303E+13,20230314,16:41,FALSE
612489,아이쓰리시스템,214430,사업보고서 (2022.12),2.02303E+13,20230317,14:23,TRUE
970453,파마리서치,214450,사업보고서 (2022.12),2.02303E+13,20230322,17:52,FALSE
820389,뉴지랩파마,214870,[기재정정]사업보고서 (2022.12),2.02303E+13,20230315,18:41,FALSE
820389,뉴지랩파마,214870,사업보고서 (2022.12),2.02303E+13,20230315,18:41,FALSE
1067516,골프존,215000,사업보고서 (2022.12),2.02303E+13,20230323,17:57,TRUE
1063884,휴센텍,215090,사업보고서 (2022.12),2.02303E+13,20230323,18:58,FALSE
1074862,메가스터디교육,215200,사업보고서 (2022.12),2.02303E+13,20230322,16:20,TRUE
1065013,우정바이오,215380,사업보고서 (2022.12),2.02303E+13,20230322,16:06,FALSE
919966,신라젠,215600,사업보고서 (2022.12),2.02303E+13,20230323,18:33,FALSE
819073,인크로스,216050,사업보고서 (2022.12),2.02303E+13,20230322,15:45,FALSE
1222867,제테마,216080,[기재정정]사업보고서 (2022.12),2.02307E+13,20230719,16:44,FALSE
1222867,제테마,216080,[기재정정]사업보고서 (2022.12),2.02303E+13,20230321,17:25,FALSE
1222867,제테마,216080,사업보고서 (2022.12),2.02303E+13,20230320,,FALSE
666204,제너셈,217190,사업보고서 (2022.12),2.02303E+13,20230317,16:51,FALSE
1046391,싸이토젠,217330,사업보고서 (2022.12),2.02303E+13,20230317,16:38,FALSE
1099667,에스디생명공학,217480,사업보고서 (2022.12),2.02303E+13,20230323,18:57,FALSE
1068658,디딤이앤에프,217620,[기재정정]사업보고서 (2022.12),2.02304E+13,20230412,17:26,TRUE
1068658,디딤이앤에프,217620,사업보고서 (2022.12),2.02303E+13,20230323,16:08,TRUE
1025644,강스템바이오텍,217730,[기재정정]사업보고서 (2022.12),2.02303E+13,20230322,14:27,TRUE
1025644,강스템바이오텍,217730,사업보고서 (2022.12),2.02303E+13,20230315,18:06,TRUE
1020843,원익피앤이,217820,[기재정정]사업보고서 (2022.12),2.02307E+13,20230720,16:36,TRUE
1020843,원익피앤이,217820,사업보고서 (2022.12),2.02303E+13,20230321,17:37,TRUE
1071944,미래생명자원,218150,사업보고서 (2022.12),2.02303E+13,20230321,14:58,TRUE
1078178,RFHIC,218410,사업보고서 (2022.12),2.02303E+13,20230316,17:12,TRUE
617314,타이거일렉,219130,사업보고서 (2022.12),2.02303E+13,20230315,14:51,TRUE
1109955,링크제니시스,219420,사업보고서 (2022.12),2.02303E+13,20230315,16:28,TRUE
1089378,디와이디,219550,사업보고서 (2022.12),2.02303E+13,20230322,18:31,TRUE
1031229,지티지웰니스,219750,사업보고서 (2022.12),2.02303E+13,20230323,18:50,FALSE
1053540,퓨쳐켐,220100,[기재정정]사업보고서 (2022.12),2.02307E+13,20230712,14:41,TRUE
1053540,퓨쳐켐,220100,사업보고서 (2022.12),2.02303E+13,20230320,13:58,TRUE
688358,하이즈항공,221840,사업보고서 (2022.12),2.02303E+13,20230315,19:09,FALSE
656289,코스맥스엔비티,222040,사업보고서 (2022.12),2.02303E+13,20230322,15:46,FALSE
1095722,심텍,222800,사업보고서 (2022.12),2.02303E+13,20230322,17:36,TRUE
1091382,세토피아,222810,[기재정정]사업보고서 (2022.12),2.02307E+13,20230713,16:59,FALSE
1091382,세토피아,222810,사업보고서 (2022.12),2.02303E+13,20230321,17:28,FALSE
579139,한국맥널티,222980,사업보고서 (2022.12),2.02303E+13,20230322,18:37,TRUE
916826,드림씨아이에스,223250,사업보고서 (2022.12),2.02303E+13,20230322,15:45,TRUE
530413,더코디,224060,[기재정정]사업보고서 (2022.12),2.02307E+13,20230720,15:26,FALSE
530413,더코디,224060,[기재정정]사업보고서 (2022.12),2.02303E+13,20230331,17:29,FALSE
530413,더코디,224060,사업보고서 (2022.12),2.02303E+13,20230323,18:09,FALSE
1062177,제놀루션,225220,[기재정정]사업보고서 (2022.12),2.02303E+13,20230324,16:55,FALSE
1062177,제놀루션,225220,사업보고서 (2022.12),2.02303E+13,20230316,13:13,FALSE
1096341,넥슨게임즈,225570,사업보고서 (2022.12),2.02303E+13,20230315,17:15,FALSE
1344336,신테카바이오,226330,사업보고서 (2022.12),2.02303E+13,20230323,15:28,FALSE
1097906,KH 건설,226360,[기재정정]사업보고서 (2022.12),2.02307E+13,20230714,17:21,TRUE
1097906,KH 건설,226360,사업보고서 (2022.12),2.02304E+13,20230406,17:57,TRUE
1082348,오스테오닉,226400,[기재정정]사업보고서 (2022.12),2.02303E+13,20230330,16:40,TRUE
1082348,오스테오닉,226400,사업보고서 (2022.12),2.02303E+13,20230323,17:17,TRUE
1080687,아우딘퓨쳐스,227610,사업보고서 (2022.12),2.02303E+13,20230323,13:29,TRUE
1105621,엔투텍,227950,사업보고서 (2022.12),2.02303E+13,20230323,18:48,TRUE
993931,동양파일,228340,사업보고서 (2022.12),2.02303E+13,20230316,15:41,FALSE
828761,레이,228670,사업보고서 (2022.12),2.02303E+13,20230321,15:59,FALSE
1108248,지노믹트리,228760,사업보고서 (2022.12),2.02303E+13,20230321,17:37,TRUE
899459,레이언스,228850,사업보고서 (2022.12),2.02303E+13,20230320,16:42,FALSE
1051472,젠큐릭스,229000,사업보고서 (2022.12),2.02303E+13,20230323,16:49,TRUE
1029394,에코마케팅,230360,사업보고서 (2022.12),2.02303E+13,20230323,15:32,TRUE
617998,폴라리스세원,234100,사업보고서 (2022.12),2.02303E+13,20230320,17:16,FALSE
1014055,에스트래픽,234300,사업보고서 (2022.12),2.02303E+13,20230320,17:08,FALSE
763701,헥토파이낸셜,234340,사업보고서 (2022.12),2.02303E+13,20230322,14:21,FALSE
1135057,녹십자웰빙,234690,사업보고서 (2022.12),2.02303E+13,20230320,17:11,FALSE
1020524,자이글,234920,사업보고서 (2022.12),2.02303E+13,20230322,16:30,TRUE
1336373,메드팩토,235980,사업보고서 (2022.12),2.02303E+13,20230314,07:30,TRUE
1124653,슈프리마,236200,사업보고서 (2022.12),2.02303E+13,20230314,18:00,FALSE
1051065,엔비티,236810,사업보고서 (2022.12),2.02303E+13,20230323,14:27,TRUE
871833,에스티팜,237690,사업보고서 (2022.12),2.02303E+13,20230317,18:07,FALSE
525864,피앤씨테크,237750,사업보고서 (2022.12),2.02303E+13,20230321,14:28,FALSE
862853,플레이디,237820,사업보고서 (2022.12),2.02303E+13,20230323,15:52,FALSE
957735,클리오,237880,사업보고서 (2022.12),2.02303E+13,20230316,15:53,TRUE
942131,앤디포스,238090,사업보고서 (2022.12),2.02303E+13,20230323,16:38,FALSE
1073678,얼라인드,238120,사업보고서 (2022.12),2.02303E+13,20230321,17:01,TRUE
1109070,비피도,238200,사업보고서 (2022.12),2.02303E+13,20230315,16:19,FALSE
556712,힘스,238490,[기재정정]사업보고서 (2022.12),2.02303E+13,20230323,09:14,TRUE
556712,힘스,238490,[기재정정]사업보고서 (2022.12),2.02303E+13,20230323,09:14,TRUE
556712,힘스,238490,사업보고서 (2022.12),2.02303E+13,20230320,16:15,TRUE
1011438,에이치엘사이언스,239610,사업보고서 (2022.12),2.02303E+13,20230320,17:45,TRUE
1112889,피엔에이치테크,239890,사업보고서 (2022.12),2.02303E+13,20230322,15:21,TRUE
1135941,원익IPS,240810,사업보고서 (2022.12),2.02303E+13,20230321,13:13,FALSE
531865,유니테크노,241690,사업보고서 (2022.12),2.02303E+13,20230315,16:32,FALSE
763473,코스메카코리아,241710,사업보고서 (2022.12),2.02303E+13,20230316,16:32,FALSE
652007,메카로,241770,사업보고서 (2022.12),2.02303E+13,20230321,17:22,TRUE
1051092,피씨엘,241820,사업보고서 (2022.12),2.02303E+13,20230323,09:06,FALSE
975290,에이스토리,241840,사업보고서 (2022.12),2.02303E+13,20230321,16:11,TRUE
1159853,휴온스,243070,사업보고서 (2022.12),2.02303E+13,20230323,19:01,TRUE
807379,신흥에스이씨,243840,사업보고서 (2022.12),2.02303E+13,20230320,17:25,TRUE
1070149,올리패스,244460,사업보고서 (2022.12),2.02303E+13,20230320,16:09,FALSE
1182550,EDGC,245620,사업보고서 (2022.12),2.02303E+13,20230321,18:30,FALSE
1109937,티앤알바이오팹,246710,사업보고서 (2022.12),2.02303E+13,20230320,15:46,TRUE
1157235,아스타,246720,사업보고서 (2022.12),2.02303E+13,20230322,17:59,FALSE
1160363,에코프로비엠,247540,사업보고서 (2022.12),2.02303E+13,20230321,17:45,FALSE
660459,나노씨엠에스,247660,사업보고서 (2022.12),2.02303E+13,20230323,13:48,TRUE
1124680,보라티알,250000,[기재정정]사업보고서 (2022.12),2.02303E+13,20230323,15:21,TRUE
1124680,보라티알,250000,사업보고서 (2022.12),2.02303E+13,20230316,17:50,TRUE
1160974,바이오에프디엔씨,251120,사업보고서 (2022.12),2.02303E+13,20230323,14:32,TRUE
602172,와이엠티,251370,[기재정정]사업보고서 (2022.12),2.02303E+13,20230331,16:52,TRUE
602172,와이엠티,251370,사업보고서 (2022.12),2.02303E+13,20230323,17:11,TRUE
1027794,브이원텍,251630,사업보고서 (2022.12),2.02303E+13,20230321,17:46,TRUE
761059,펌텍코리아,251970,사업보고서 (2022.12),2.02303E+13,20230323,16:00,FALSE
1199727,샘씨엔에스,252990,사업보고서 (2022.12),2.02303E+13,20230321,17:48,FALSE
1168684,스튜디오드래곤,253450,사업보고서 (2022.12),2.02303E+13,20230320,16:29,TRUE
1063954,수젠텍,253840,사업보고서 (2022.12),2.02303E+13,20230321,17:01,TRUE
963976,SG,255220,사업보고서 (2022.12),2.02303E+13,20230316,17:36,FALSE
875307,야스,255440,사업보고서 (2022.12),2.02303E+13,20230323,17:06,FALSE
1069736,한독크린텍,256150,사업보고서 (2022.12),2.02303E+13,20230317,16:04,FALSE
961507,케일럼,258610,사업보고서 (2022.12),2.02303E+13,20230322,10:05,TRUE
959229,세종메디칼,258830,사업보고서 (2022.12),2.02303E+13,20230329,17:56,FALSE
447007,알리코제약,260660,사업보고서 (2022.12),2.02303E+13,20230315,17:55,TRUE
1141599,차백신연구소,261780,사업보고서 (2022.12),2.02303E+13,20230317,14:12,TRUE
1146822,아이퀘스트,262840,사업보고서 (2022.12),2.02303E+13,20230321,14:54,TRUE
892526,디케이앤디,263020,사업보고서 (2022.12),2.02303E+13,20230321,16:10,FALSE
1110678,유틸렉스,263050,[기재정정]사업보고서 (2022.12),2.02303E+13,20230331,17:05,TRUE
1110678,유틸렉스,263050,사업보고서 (2022.12),2.02303E+13,20230323,15:55,TRUE
971090,어스앤에어로스페이스,263540,사업보고서 (2022.12),2.02303E+13,20230331,18:25,TRUE
571298,덕우전자,263600,사업보고서 (2022.12),2.02303E+13,20230321,17:56,FALSE
1187148,케어랩스,263700,사업보고서 (2022.12),2.02303E+13,20230321,15:44,TRUE
1186404,디앤씨미디어,263720,사업보고서 (2022.12),2.02303E+13,20230314,16:44,TRUE
1152470,펄어비스,263750,사업보고서 (2022.12),2.02303E+13,20230322,17:57,FALSE
760999,상신전자,263810,사업보고서 (2022.12),2.02303E+13,20230314,15:38,TRUE
962223,지니언스,263860,사업보고서 (2022.12),2.02303E+13,20230315,16:24,TRUE
1185566,휴엠앤씨,263920,사업보고서 (2022.12),2.02303E+13,20230323,19:05,TRUE
1203376,유비쿼스,264450,사업보고서 (2022.12),2.02303E+13,20230321,16:31,FALSE
605328,씨앤지하이테크,264660,사업보고서 (2022.12),2.02303E+13,20230321,15:05,TRUE
1203808,AP시스템,265520,사업보고서 (2022.12),2.02303E+13,20230322,17:41,TRUE
659976,영화테크,265560,사업보고서 (2022.12),2.02303E+13,20230323,17:51,TRUE
1217829,엔에프씨,265740,사업보고서 (2022.12),2.02303E+13,20230320,13:45,TRUE
1182240,배럴,267790,사업보고서 (2022.12),2.02303E+13,20230320,17:42,FALSE
1234507,매일유업,267980,사업보고서 (2022.12),2.02303E+13,20230316,17:21,TRUE
1182444,셀리버리,268600,사업보고서 (2022.12),2.02303E+13,20230324,07:31,FALSE
1188378,시스웍,269620,사업보고서 (2022.12),2.02303E+13,20230323,17:42,FALSE
1201590,에브리봇,270660,사업보고서 (2022.12),2.02303E+13,20230321,17:25,FALSE
1214248,뉴트리,270870,사업보고서 (2022.12),2.02303E+13,20230323,17:31,TRUE
769158,케이엔제이,272110,사업보고서 (2022.12),2.02303E+13,20230322,16:49,TRUE
1237540,이녹스첨단소재,272290,사업보고서 (2022.12),2.02303E+13,20230321,15:46,FALSE
1158553,켄코아에어로스페이스,274090,사업보고서 (2022.12),2.02303E+13,20230322,18:11,FALSE
1250374,에스에스알,275630,사업보고서 (2022.12),2.02303E+13,20230322,15:18,FALSE
1290248,스코넥,276040,[기재정정]사업보고서 (2022.12),2.02303E+13,20230331,13:21,TRUE
1290248,스코넥,276040,사업보고서 (2022.12),2.02303E+13,20230322,17:41,TRUE
1290248,스코넥,276040,[기재정정]사업보고서 (2021.12),2.02303E+13,20230306,10:51,TRUE
1230255,제주맥주,276730,사업보고서 (2022.12),2.02303E+13,20230317,17:12,TRUE
616962,린드먼아시아,277070,사업보고서 (2022.12),2.02303E+13,20230320,12:51,TRUE
1261644,레인보우로보틱스,277810,사업보고서 (2022.12),2.02303E+13,20230323,14:47,TRUE
1190124,미디어젠,279600,사업보고서 (2022.12),2.02303E+13,20230316,17:48,TRUE
1211232,코윈테크,282880,사업보고서 (2022.12),2.02303E+13,20230321,16:01,FALSE
1259232,노바텍,285490,사업보고서 (2022.12),2.02303E+13,20230316,16:02,FALSE
1259232,노바텍,285490,[기재정정]사업보고서 (2021.12),2.02301E+13,20230118,16:37,FALSE
1136001,나노브릭,286750,[기재정정]사업보고서 (2022.12),2.02307E+13,20230714,09:37,FALSE
1136001,나노브릭,286750,사업보고서 (2022.12),2.02303E+13,20230322,11:02,FALSE
1257872,에스퓨얼셀,288620,사업보고서 (2022.12),2.02303E+13,20230316,17:34,TRUE
1423837,모아데이타,288980,사업보고서 (2022.12),2.02303E+13,20230323,11:32,FALSE
983934,아이스크림에듀,289010,사업보고서 (2022.12),2.02303E+13,20230317,16:06,TRUE
1264438,자이언트스텝,289220,사업보고서 (2022.12),2.02303E+13,20230321,16:17,TRUE
1217014,트윔,290090,사업보고서 (2022.12),2.02303E+13,20230323,17:54,FALSE
1251577,휴네시온,290270,사업보고서 (2022.12),2.02303E+13,20230322,16:33,TRUE
961570,신도기연,290520,사업보고서 (2022.12),2.02303E+13,20230321,13:59,TRUE
1181515,엘앤씨바이오,290650,사업보고서 (2022.12),2.02303E+13,20230321,17:15,TRUE
1246034,네오펙트,290660,사업보고서 (2022.12),2.02303E+13,20230322,16:57,FALSE
1259418,대보마그네틱,290670,사업보고서 (2022.12),2.02303E+13,20230321,17:46,FALSE
605522,소룩스,290690,사업보고서 (2022.12),2.02303E+13,20230320,17:51,TRUE
1259311,푸드나무,290720,[기재정정]사업보고서 (2022.12),2.02303E+13,20230323,17:08,TRUE
1259311,푸드나무,290720,사업보고서 (2022.12),2.02303E+13,20230316,15:37,TRUE
1141942,액트로,290740,사업보고서 (2022.12),2.02303E+13,20230322,15:13,FALSE
1265251,압타머사이언스,291650,사업보고서 (2022.12),2.02303E+13,20230322,17:37,TRUE
1524507,핀텔,291810,사업보고서 (2022.12),2.02303E+13,20230317,13:55,TRUE
1137383,카카오게임즈,293490,[기재정정]사업보고서 (2022.12),2.02303E+13,20230320,07:30,TRUE
1137383,카카오게임즈,293490,사업보고서 (2022.12),2.02303E+13,20230317,18:25,TRUE
1251595,압타바이오,293780,사업보고서 (2022.12),2.02303E+13,20230322,14:46,FALSE
1274310,이오플로우,294090,사업보고서 (2022.12),2.02303E+13,20230322,16:37,TRUE
1011395,레몬,294140,[기재정정]사업보고서 (2022.12),2.02307E+13,20230717,16:46,FALSE
1011395,레몬,294140,사업보고서 (2022.12),2.02303E+13,20230320,17:24,FALSE
1311055,쿠콘,294570,사업보고서 (2022.12),2.02303E+13,20230317,16:20,FALSE
867973,서남,294630,사업보고서 (2022.12),2.02303E+13,20230320,16:46,TRUE
1341630,이노룰스,296640,사업보고서 (2022.12),2.02303E+13,20230322,16:13,TRUE
765462,씨에스베어링,297090,사업보고서 (2022.12),2.02303E+13,20230315,17:34,TRUE
523936,HB솔루션,297890,사업보고서 (2022.12),2.02303E+13,20230321,18:04,FALSE
1110474,에스씨엠생명과학,298060,사업보고서 (2022.12),2.02303E+13,20230321,18:47,TRUE
1256864,에이비엘바이오,298380,사업보고서 (2022.12),2.02303E+13,20230315,14:46,FALSE
1214743,더네이쳐홀딩스,298540,사업보고서 (2022.12),2.02303E+13,20230321,16:47,TRUE
1235296,셀리드,299660,사업보고서 (2022.12),2.02303E+13,20230321,17:46,TRUE
1276327,위지윅스튜디오,299900,사업보고서 (2022.12),2.02303E+13,20230316,17:56,FALSE
1237434,플리토,300080,사업보고서 (2022.12),2.02303E+13,20230323,15:59,TRUE
1251489,라온피플,300120,사업보고서 (2022.12),2.02303E+13,20230321,13:31,FALSE
403793,바이브컴퍼니,301300,사업보고서 (2022.12),2.02303E+13,20230323,16:39,TRUE
1258710,이노메트리,302430,사업보고서 (2022.12),2.02303E+13,20230317,14:47,FALSE
1275665,리메드,302550,[기재정정]사업보고서 (2022.12),2.02307E+13,20230712,11:02,TRUE
1275665,리메드,302550,사업보고서 (2022.12),2.02303E+13,20230317,15:28,TRUE
1264872,이노뎁,303530,사업보고서 (2022.12),2.02303E+13,20230316,15:10,TRUE
1050738,솔트룩스,304100,사업보고서 (2022.12),2.02303E+13,20230323,18:04,TRUE
1118281,피플바이오,304840,사업보고서 (2022.12),2.02303E+13,20230320,17:07,TRUE
1267967,마이크로디지탈,305090,사업보고서 (2022.12),2.02303E+13,20230321,16:17,TRUE
1222432,에스제이그룹,306040,[기재정정]사업보고서 (2022.12),2.02303E+13,20230323,16:24,TRUE
1222432,에스제이그룹,306040,사업보고서 (2022.12),2.02303E+13,20230320,15:55,TRUE
1335790,바이젠셀,308080,사업보고서 (2022.12),2.02303E+13,20230315,16:40,TRUE
1181807,까스텔바작,308100,사업보고서 (2022.12),2.02303E+13,20230322,17:31,TRUE
1327746,보로노이,310210,사업보고서 (2022.12),2.02303E+13,20230323,17:49,FALSE
668965,지오엘리먼트,311320,사업보고서 (2022.12),2.02303E+13,20230323,15:10,FALSE
1219155,네오크레마,311390,사업보고서 (2022.12),2.02303E+13,20230323,18:03,TRUE
1071041,CJ 바이오사이언스,311690,사업보고서 (2022.12),2.02303E+13,20230320,16:36,TRUE
1223219,에이에프더블류,312610,사업보고서 (2022.12),2.02303E+13,20230321,13:40,FALSE
1276026,지놈앤컴퍼니,314130,사업보고서 (2022.12),2.02303E+13,20230321,17:11,FALSE
1182259,알피바이오,314140,사업보고서 (2022.12),2.02303E+13,20230323,17:04,TRUE
1117413,바이오다인,314930,사업보고서 (2022.12),2.02303E+13,20230322,16:03,FALSE
1344831,딥노이드,315640,사업보고서 (2022.12),2.02303E+13,20230321,15:27,TRUE
1327092,라닉스,317120,사업보고서 (2022.12),2.02303E+13,20230310,16:26,TRUE
1353024,TS트릴리온,317240,[기재정정]사업보고서 (2022.12),2.02303E+13,20230331,15:37,TRUE
1353024,TS트릴리온,317240,사업보고서 (2022.12),2.02303E+13,20230323,17:25,TRUE
1021666,덕산테코피아,317330,[기재정정]사업보고서 (2022.12),2.02307E+13,20230724,15:57,FALSE
1021666,덕산테코피아,317330,사업보고서 (2022.12),2.02303E+13,20230323,15:31,FALSE
1267222,캐리소프트,317530,사업보고서 (2022.12),2.02303E+13,20230322,17:09,TRUE
1311286,퀀타매트릭스,317690,사업보고서 (2022.12),2.02303E+13,20230323,16:18,TRUE
624749,에스피시스템스,317830,사업보고서 (2022.12),2.02303E+13,20230323,15:11,TRUE
450995,대모,317850,사업보고서 (2022.12),2.02303E+13,20230316,15:09,TRUE
964595,엔바이오니아,317870,[기재정정]사업보고서 (2022.12),2.02303E+13,20230330,17:34,FALSE
964595,엔바이오니아,317870,사업보고서 (2022.12),2.02303E+13,20230322,17:03,FALSE
876166,KBG,318000,사업보고서 (2022.12),2.02303E+13,20230315,17:56,FALSE
986898,팜스빌,318010,[기재정정]사업보고서 (2022.12),2.02304E+13,20230420,17:24,TRUE
986898,팜스빌,318010,사업보고서 (2022.12),2.02303E+13,20230322,16:46,TRUE
1153105,비비씨,318410,사업보고서 (2022.12),2.02303E+13,20230322,13:13,TRUE
1365825,피에스케이,319660,사업보고서 (2022.12),2.02303E+13,20230321,17:32,TRUE
1335930,티움바이오,321550,사업보고서 (2022.12),2.02303E+13,20230321,16:37,FALSE
1309388,티라유텍,322180,사업보고서 (2022.12),2.02303E+13,20230322,17:19,TRUE
1016479,오로스테크놀로지,322310,사업보고서 (2022.12),2.02303E+13,20230317,15:26,FALSE
1153293,제이엘케이,322510,사업보고서 (2022.12),2.02303E+13,20230317,16:51,FALSE
1335851,박셀바이오,323990,사업보고서 (2022.12),2.02303E+13,20230315,14:42,FALSE
1343665,RF머트리얼즈,327260,사업보고서 (2022.12),2.02303E+13,20230315,17:22,TRUE
1397620,루닛,328130,사업보고서 (2022.12),2.02303E+13,20230321,18:46,TRUE
765851,위더스제약,330350,사업보고서 (2022.12),2.02303E+13,20230322,15:39,FALSE
1305249,스톤브릿지벤처스,330730,사업보고서 (2022.12),2.02303E+13,20230322,15:59,TRUE
1368354,네패스아크,330860,사업보고서 (2022.12),2.02303E+13,20230317,16:05,TRUE
1114586,셀레믹스,331920,사업보고서 (2022.12),2.02303E+13,20230321,07:32,TRUE
1213586,아이디피,332370,사업보고서 (2022.12),2.02303E+13,20230313,15:47,FALSE
1015160,와이팜,332570,사업보고서 (2022.12),2.02303E+13,20230315,15:41,TRUE
1310773,엔시스,333620,사업보고서 (2022.12),2.02303E+13,20230321,09:05,TRUE
1258428,프레스티지바이오로직스,334970,[첨부추가]사업보고서 (2022.12),2.02303E+13,20230321,18:17,FALSE
1137295,프리시젼바이오,335810,사업보고서 (2022.12),2.02303E+13,20230321,16:30,TRUE
1391103,브랜드엑스코퍼레이션,337930,사업보고서 (2022.12),2.02303E+13,20230320,15:12,TRUE
1344202,뷰노,338220,사업보고서 (2022.12),2.02303E+13,20230320,17:09,TRUE
1416572,세림B&G,340440,[기재정정]사업보고서 (2022.12),2.02303E+13,20230330,14:31,FALSE
1416572,세림B&G,340440,사업보고서 (2022.12),2.02303E+13,20230321,16:27,FALSE
608440,티앤엘,340570,사업보고서 (2022.12),2.02303E+13,20230321,18:28,FALSE
1368637,유일에너테크,340930,[기재정정]사업보고서 (2022.12),2.02307E+13,20230727,16:04,FALSE
1368637,유일에너테크,340930,사업보고서 (2022.12),2.02303E+13,20230321,17:03,FALSE
1023318,센코,347000,사업보고서 (2022.12),2.02303E+13,20230320,14:07,TRUE
1336762,라이프시맨틱스,347700,사업보고서 (2022.12),2.02303E+13,20230323,16:02,FALSE
1290381,피엔케이피부임상연구센타,347740,사업보고서 (2022.12),2.02303E+13,20230320,17:00,TRUE
1405390,핌스,347770,사업보고서 (2022.12),2.02303E+13,20230317,10:25,TRUE
670766,엠투아이,347890,사업보고서 (2022.12),2.02303E+13,20230321,16:03,FALSE